sample_id,cluster,Country,General_Vegetation,Weather,Hydrogeomorphology,Intermittent_or_Perennial,Sediment,US.or.DS.of.Gauge,Precipitation.Within.Week,Dam.Upstream.Site,Stream_Order,River_Gradient,Distance_DS.and.MS_meters,Distance_MS.and.US_meters,Primary.Sources.Flow.Variation,pH,Temp_degC,Approx.Distance.From.Gauge_meters,Number.Days.Since.Precip,NPOC_mg.L.asC,del2H_permil,del18O_permil,Cl_mgL,SO4_mgL,NO3_mgL,NO2_mgL,F_mgL,Richness observed,Simpson's Diversity Index
SW_S19S.0003_U_1,Average,Canada,Not vegetated,Partly cloudy,Single-channel straight,Perennial,Silt/mud (<0.0625mm),Downstream,Yes,No,7,Relatively flat/gentle gradient (e.g. valleys),10,10,Natural flow (seasonal). Glacial melt,6,17,100,1,1.27,-140,-18.75,0.3,9.8,0.19,0.04,0.07,2335,0.999571734
SW_S19S.0003_U_2,Average,Canada,Not vegetated,Partly cloudy,Single-channel straight,Perennial,Silt/mud (<0.0625mm),Downstream,Yes,No,7,Relatively flat/gentle gradient (e.g. valleys),10,10,Natural flow (seasonal). Glacial melt,6,17,100,1,1.8,,,0.31,8.03,0.23,0.04,0.07,2560,0.999609375
SW_S19S.0003_U_3,Most,Canada,Not vegetated,Partly cloudy,Single-channel straight,Perennial,Silt/mud (<0.0625mm),Downstream,Yes,No,7,Relatively flat/gentle gradient (e.g. valleys),10,10,Natural flow (seasonal). Glacial melt,6,17,100,1,1.15,,,0.31,8.62,0.23,0.04,0.06,2782,0.999640546
SW_S19S.0004_U_1,Most,Canada,Grass,Overcast. Raining,Single-channel straight,Perennial,Gravel/cobble (>2mm),Upstream,Yes,No,6,Relatively flat/gentle gradient (e.g. valleys),15,15,Natural flow (seasonal). Glacial melt,6.5,18,100,1,1.96,-129.3,-17.13,1.83,6.53,0.12,0.04,0.07,2823,0.999645767
SW_S19S.0004_U_2,Most,Canada,Grass,Overcast. Raining,Single-channel straight,Perennial,Gravel/cobble (>2mm),Upstream,Yes,No,6,Relatively flat/gentle gradient (e.g. valleys),15,15,Natural flow (seasonal). Glacial melt,6.5,18,100,1,1.93,,,2,6.66,0.12,0.04,0.08,2869,0.999651446
SW_S19S.0004_U_3,Most,Canada,Grass,Overcast. Raining,Single-channel straight,Perennial,Gravel/cobble (>2mm),Upstream,Yes,No,6,Relatively flat/gentle gradient (e.g. valleys),15,15,Natural flow (seasonal). Glacial melt,6.5,18,100,1,1.79,,,,,,,,2802,0.999643112
SW_S19S.0005_U_1,Most,Canada,Shrub. Grass,,Single-channel straight,,Silt/mud (<0.0625mm),,,,,Relatively flat/gentle gradient (e.g. valleys),13,12,,8,22,,,8.37,-91.5,-10.22,31.94,242.56,0.12,0.04,0.13,3081,0.99967543
SW_S19S.0005_U_2,Most,Canada,Shrub. Grass,,Single-channel straight,,Silt/mud (<0.0625mm),,,,,Relatively flat/gentle gradient (e.g. valleys),13,12,,8,22,,,8.11,,,33.9,259.29,0.96,0.04,0.16,2408,0.999584718
SW_S19S.0005_U_3,Most,Canada,Shrub. Grass,,Single-channel straight,,Silt/mud (<0.0625mm),,,,,Relatively flat/gentle gradient (e.g. valleys),13,12,,8,22,,,8.75,,,34.06,262.38,0.38,0.04,0.16,2641,0.999621356
SW_S19S.0006_U_1,Most,USA,Broadleaf deciduous tree. Shrub,Sunny,Single-channel meandering,Perennial,Gravel/cobble (>2mm),Upstream,No,No,2,Relatively flat/gentle gradient (e.g. valleys),40.5,29,Natural flow (seasonal),7.5,25.7,17,6,1.43,,,311.31,33.45,6.43,0.04,0.02,3122,0.999679693
SW_S19S.0006_U_2,Most,USA,Broadleaf deciduous tree. Shrub,Sunny,Single-channel meandering,Perennial,Gravel/cobble (>2mm),Upstream,No,No,2,Relatively flat/gentle gradient (e.g. valleys),40.5,29,Natural flow (seasonal),7.5,25.7,17,6,1.62,,,286.25,30.48,6.1,0.04,0.12,2277,0.999560826
SW_S19S.0006_U_3,Most,USA,Broadleaf deciduous tree. Shrub,Sunny,Single-channel meandering,Perennial,Gravel/cobble (>2mm),Upstream,No,No,2,Relatively flat/gentle gradient (e.g. valleys),40.5,29,Natural flow (seasonal),7.5,25.7,17,6,1.52,,,284.53,29.97,6.14,0.04,0.09,2786,0.999641062
SW_S19S.0007_U_1,Average,USA,Needleleaf evergreen tree. Shrub,Sunny,Single-channel straight,Perennial,Sand,Upstream,No,No,1,Relatively steep gradient (e.g. mountainous or hilly terrain),9.5,26,Natural flow (seasonal). Evapotranspiration,6.5,11.2,15,3,0.93,-84.3,-12.35,0.39,0.19,0.12,0.04,0.04,2838,0.999647639
SW_S19S.0007_U_2,Average,USA,Needleleaf evergreen tree. Shrub,Sunny,Single-channel straight,Perennial,Sand,Upstream,No,No,1,Relatively steep gradient (e.g. mountainous or hilly terrain),9.5,26,Natural flow (seasonal). Evapotranspiration,6.5,11.2,15,3,1.05,,,0.41,0.24,0.41,0.04,0.03,2571,0.999611046
SW_S19S.0007_U_3,Least,USA,Needleleaf evergreen tree. Shrub,Sunny,Single-channel straight,Perennial,Sand,Upstream,No,No,1,Relatively steep gradient (e.g. mountainous or hilly terrain),9.5,26,Natural flow (seasonal). Evapotranspiration,6.5,11.2,15,3,1.06,,,0.38,0.18,0.12,0.04,0.04,1496,0.999331551
SW_S19S.0008_U_1,Average,USA,Needleleaf evergreen tree. Shrub,Sunny,Single-channel straight,Perennial,Sand,Upstream,Yes,No,1,Relatively steep gradient (e.g. mountainous or hilly terrain),41,11,Natural flow (seasonal). Evapotranspiration,6.5,12.6,25,,1.87,-86.4,-12.61,0.22,0.23,0.12,0.04,0.03,2779,0.999640158
SW_S19S.0008_U_2,Average,USA,Needleleaf evergreen tree. Shrub,Sunny,Single-channel straight,Perennial,Sand,Upstream,Yes,No,1,Relatively steep gradient (e.g. mountainous or hilly terrain),41,11,Natural flow (seasonal). Evapotranspiration,6.5,12.6,25,,1.78,,,0.21,0.24,0.12,0.04,0.02,2054,0.999513145
SW_S19S.0008_U_3,Average,USA,Needleleaf evergreen tree. Shrub,Sunny,Single-channel straight,Perennial,Sand,Upstream,Yes,No,1,Relatively steep gradient (e.g. mountainous or hilly terrain),41,11,Natural flow (seasonal). Evapotranspiration,6.5,12.6,25,,1.96,,,0.21,0.22,0.12,0.04,0.03,2642,0.999621499
SW_S19S.0009_U_1,Most,USA,Broadleaf deciduous tree. Shrub,Sunny,Single-channel meandering,Perennial,Silt/mud (<0.0625mm),Upstream,Yes,No,6,Relatively flat/gentle gradient (e.g. valleys),9.96,9.06,Natural flow (seasonal),8,25.6,2000,,2.25,-127.9,-16.86,6.96,160.13,0.12,0.04,0.21,2326,0.999570077
SW_S19S.0009_U_2,Most,USA,Broadleaf deciduous tree. Shrub,Sunny,Single-channel meandering,Perennial,Silt/mud (<0.0625mm),Upstream,Yes,No,6,Relatively flat/gentle gradient (e.g. valleys),9.96,9.06,Natural flow (seasonal),8,25.6,2000,,3.16,,,6.73,157.71,0.12,0.04,0.23,3174,0.99968494
SW_S19S.0010_U_1,Most,USA,Needleleaf evergreen tree,Sunny,Single-channel meandering,Perennial,Silt/mud (<0.0625mm),Upstream,Yes,No,7,Relatively flat/gentle gradient (e.g. valleys),8,8,Natural flow (seasonal),6.7,30,1930,4,2.52,-13.4,-2.9,7.44,13.55,0.85,0.04,0.11,3288,0.999695864
SW_S19S.0010_U_2,Most,USA,Needleleaf evergreen tree,Sunny,Single-channel meandering,Perennial,Silt/mud (<0.0625mm),Upstream,Yes,No,7,Relatively flat/gentle gradient (e.g. valleys),8,8,Natural flow (seasonal),6.7,30,1930,4,2.26,,,7.24,13.32,0.81,0.04,0.11,3026,0.999669531
SW_S19S.0010_U_3,Most,USA,Needleleaf evergreen tree,Sunny,Single-channel meandering,Perennial,Silt/mud (<0.0625mm),Upstream,Yes,No,7,Relatively flat/gentle gradient (e.g. valleys),8,8,Natural flow (seasonal),6.7,30,1930,4,2.04,,,7.31,13.39,0.84,0.04,0.1,2871,0.999651689
SW_S19S.0011_U_1,Most,USA,Broadleaf evergreen tree,Overcast. Raining,Single-channel straight,Perennial,Silt/mud (<0.0625mm),Upstream,Yes,Yes one,5,Relatively flat/gentle gradient (e.g. valleys),5,10,Natural flow (seasonal),6.7,24,1900,1,3.83,-20.6,-4.31,3.07,3.03,2.99,0.04,0.07,3148,0.999682338
SW_S19S.0011_U_2,Most,USA,Broadleaf evergreen tree,Overcast. Raining,Single-channel straight,Perennial,Silt/mud (<0.0625mm),Upstream,Yes,Yes one,5,Relatively flat/gentle gradient (e.g. valleys),5,10,Natural flow (seasonal),6.7,24,1900,1,2.64,,,3.09,3.01,2.97,0.04,0.07,3418,0.999707431
SW_S19S.0011_U_3,Most,USA,Broadleaf evergreen tree,Overcast. Raining,Single-channel straight,Perennial,Silt/mud (<0.0625mm),Upstream,Yes,Yes one,5,Relatively flat/gentle gradient (e.g. valleys),5,10,Natural flow (seasonal),6.7,24,1900,1,4.03,,,3.13,3.31,2.96,0.04,0.09,3395,0.999705449
SW_S19S.0012_U_1,Most,USA,Broadleaf deciduous tree,Overcast,Single-channel straight,Perennial,Gravel/cobble (>2mm),,Yes,No,2,Relatively flat/gentle gradient (e.g. valleys),15.2,50.8,Natural flow (seasonal),6.5,18.2,30,6,1.41,-49.8,-8.05,20.29,4.07,0.31,0.04,0.06,2599,0.999615237
SW_S19S.0012_U_2,Most,USA,Broadleaf deciduous tree,Overcast,Single-channel straight,Perennial,Gravel/cobble (>2mm),,Yes,No,2,Relatively flat/gentle gradient (e.g. valleys),15.2,50.8,Natural flow (seasonal),6.5,18.2,30,6,2.02,,,20.49,4,0.39,0.04,0.06,3079,0.999675219
SW_S19S.0012_U_3,Most,USA,Broadleaf deciduous tree,Overcast,Single-channel straight,Perennial,Gravel/cobble (>2mm),,Yes,No,2,Relatively flat/gentle gradient (e.g. valleys),15.2,50.8,Natural flow (seasonal),6.5,18.2,30,6,2.07,,,20.64,4.01,0.37,0.04,0.06,3169,0.999684443
SW_S19S.0013_U_1,Most,USA,Broadleaf deciduous tree,Sunny,Single-channel meandering,Perennial,Gravel/cobble (>2mm),Downstream,Yes,No,1,Relatively steep gradient (e.g. mountainous or hilly terrain),10,16,Natural flow (seasonal). Evapotranspiration,6.5,21.1,2,1,1.64,-47.5,-7.98,2.85,3.17,0.97,0.04,0.06,3243,0.999691644
SW_S19S.0013_U_2,Most,USA,Broadleaf deciduous tree,Sunny,Single-channel meandering,Perennial,Gravel/cobble (>2mm),Downstream,Yes,No,1,Relatively steep gradient (e.g. mountainous or hilly terrain),10,16,Natural flow (seasonal). Evapotranspiration,6.5,21.1,2,1,2.21,,,2.79,3.1,0.8,0.04,0.05,3125,0.99968
SW_S19S.0013_U_3,Most,USA,Broadleaf deciduous tree,Sunny,Single-channel meandering,Perennial,Gravel/cobble (>2mm),Downstream,Yes,No,1,Relatively steep gradient (e.g. mountainous or hilly terrain),10,16,Natural flow (seasonal). Evapotranspiration,6.5,21.1,2,1,1.84,,,2.82,3.12,0.89,0.05,0.06,3050,0.999672131
SW_S19S.0014_U_1,Least,USA,Broadleaf deciduous tree,Sunny,Single-channel meandering,Perennial,Silt/mud (<0.0625mm),Downstream,Yes,No,2,Relatively flat/gentle gradient (e.g. valleys),34,53,Natural flow (seasonal). Evapotranspiration. Water treatment plant upstream causes water level to vary occasionally,7.5,18.8,,1,0.61,-49.2,-7.9,19.97,18.52,12.19,0.04,0.21,1612,0.999379653
SW_S19S.0014_U_2,Least,USA,Broadleaf deciduous tree,Sunny,Single-channel meandering,Perennial,Silt/mud (<0.0625mm),Downstream,Yes,No,2,Relatively flat/gentle gradient (e.g. valleys),34,53,Natural flow (seasonal). Evapotranspiration. Water treatment plant upstream causes water level to vary occasionally,7.5,18.8,,1,0.83,,,19.01,17.47,12,0.04,0.22,1918,0.999478624
SW_S19S.0014_U_3,Least,USA,Broadleaf deciduous tree,Sunny,Single-channel meandering,Perennial,Silt/mud (<0.0625mm),Downstream,Yes,No,2,Relatively flat/gentle gradient (e.g. valleys),34,53,Natural flow (seasonal). Evapotranspiration. Water treatment plant upstream causes water level to vary occasionally,7.5,18.8,,1,0.78,,,19.19,17.59,11.93,0.04,0.22,1898,0.99947313
SW_S19S.0015_U_1,Most,USA,Needleleaf deciduous tree. Broadleaf deciduous tree,Overcast. Raining. Intermittent light showers,Single-channel meandering,Perennial,Sand,Downstream,Yes,Yes multiple,7,Relatively flat/gentle gradient (e.g. valleys),116,161,Natural flow (seasonal). Dam (hydropower or other). Irrigation pumping,7,28.2,,,1.87,-19.6,-3.51,6.12,4.23,4.28,0.04,0.07,2979,0.999664317
SW_S19S.0015_U_2,Most,USA,Needleleaf deciduous tree. Broadleaf deciduous tree,Overcast. Raining. Intermittent light showers,Single-channel meandering,Perennial,Sand,Downstream,Yes,Yes multiple,7,Relatively flat/gentle gradient (e.g. valleys),116,161,Natural flow (seasonal). Dam (hydropower or other). Irrigation pumping,7,28.2,,,2.7,,,6.06,4.18,4.08,0.04,0.07,3244,0.999691739
SW_S19S.0015_U_3,Most,USA,Needleleaf deciduous tree. Broadleaf deciduous tree,Overcast. Raining. Intermittent light showers,Single-channel meandering,Perennial,Sand,Downstream,Yes,Yes multiple,7,Relatively flat/gentle gradient (e.g. valleys),116,161,Natural flow (seasonal). Dam (hydropower or other). Irrigation pumping,7,28.2,,,2.03,,,5.99,4.12,3.97,0.04,0.06,3204,0.99968789
SW_S19S.0016_U_1,Least,USA,Broadleaf deciduous tree. Grass,Sunny,Single-channel meandering,Intermittent,Gravel/cobble (>2mm),Downstream,Yes,No,2,Relatively flat/gentle gradient (e.g. valleys),67,22,Natural flow (seasonal),7.5,18.5,15,0,1.03,-38.9,-6.01,1.9,36.2,0.12,0.04,0.36,2159,0.999536823
SW_S19S.0016_U_2,Average,USA,Broadleaf deciduous tree. Grass,Sunny,Single-channel meandering,Intermittent,Gravel/cobble (>2mm),Downstream,Yes,No,2,Relatively flat/gentle gradient (e.g. valleys),67,22,Natural flow (seasonal),7.5,18.5,15,0,0.98,,,1.77,34.49,0.12,0.04,0.32,2109,0.999525842
SW_S19S.0016_U_3,Least,USA,Broadleaf deciduous tree. Grass,Sunny,Single-channel meandering,Intermittent,Gravel/cobble (>2mm),Downstream,Yes,No,2,Relatively flat/gentle gradient (e.g. valleys),67,22,Natural flow (seasonal),7.5,18.5,15,0,0.85,,,1.71,33.63,0.12,0.04,0.34,2222,0.999549955
SW_S19S.0017_U_1,Most,USA,Broadleaf deciduous tree. Crop,Overcast. Raining,Single-channel meandering,Perennial,Gravel/cobble (>2mm),Downstream,Yes,No,3,Relatively flat/gentle gradient (e.g. valleys),25,20,Natural flow (seasonal),7.5,20.7,60,0,2.23,-26.9,-4.57,2.52,8.08,1.2,0.04,0.16,2828,0.999646393
SW_S19S.0017_U_2,Most,USA,Broadleaf deciduous tree. Crop,Overcast. Raining,Single-channel meandering,Perennial,Gravel/cobble (>2mm),Downstream,Yes,No,3,Relatively flat/gentle gradient (e.g. valleys),25,20,Natural flow (seasonal),7.5,20.7,60,0,3.53,,,2.45,8.04,1.28,0.04,0.14,3197,0.999687207
SW_S19S.0017_U_3,Most,USA,Broadleaf deciduous tree. Crop,Overcast. Raining,Single-channel meandering,Perennial,Gravel/cobble (>2mm),Downstream,Yes,No,3,Relatively flat/gentle gradient (e.g. valleys),25,20,Natural flow (seasonal),7.5,20.7,60,0,2.6,,,2.43,8.25,1.27,0.04,0.19,2806,0.999643621
SW_S19S.0018_U_3,Average,USA,Needleleaf evergreen tree. Broadleaf deciduous tree,Partly cloudy,Single-channel straight,Perennial,Gravel/cobble (>2mm),Downstream,Yes,,2,Relatively steep gradient (e.g. mountainous or hilly terrain),40.8,45.5,Natural flow (seasonal). Evapotranspiration,6.5,18.3,40.8,1,0.86,,,0.39,1.52,0.71,0.04,0.06,2448,0.999591503
SW_S19S.0019_U_1,Least,USA,Broadleaf deciduous tree,Partly cloudy,Single-channel straight,Perennial,Gravel/cobble (>2mm),Downstream,Yes,No,1,Relatively flat/gentle gradient (e.g. valleys),34,42.5,Natural flow (seasonal). Evapotranspiration,8,18.3,50,1,0.45,-34.5,-6.15,0.81,1.56,0.23,0.04,0.05,962,0.998960499
SW_S19S.0019_U_3,Average,USA,Broadleaf deciduous tree,Partly cloudy,Single-channel straight,Perennial,Gravel/cobble (>2mm),Downstream,Yes,No,1,Relatively flat/gentle gradient (e.g. valleys),34,42.5,Natural flow (seasonal). Evapotranspiration,8,18.3,50,1,0.45,,,0.89,1.72,0.24,0.04,0.05,2070,0.999516908
SW_S19S.0020_U_1,Most,USA,Needleleaf evergreen tree. Broadleaf deciduous tree,Sunny,Single-channel straight,Perennial,Sand,Upstream,No,Yes multiple,7,Relatively flat/gentle gradient (e.g. valleys),10,11.3,Natural flow (seasonal),7.5,30.5,30,,4.01,-16.6,-2.62,11.81,36.24,0.38,0.04,0.09,3330,0.9996997
SW_S19S.0020_U_2,Most,USA,Needleleaf evergreen tree. Broadleaf deciduous tree,Sunny,Single-channel straight,Perennial,Sand,Upstream,No,Yes multiple,7,Relatively flat/gentle gradient (e.g. valleys),10,11.3,Natural flow (seasonal),7.5,30.5,30,,3.09,,,11.77,36.68,0.28,0.04,0.09,3202,0.999687695
SW_S19S.0020_U_3,Most,USA,Needleleaf evergreen tree. Broadleaf deciduous tree,Sunny,Single-channel straight,Perennial,Sand,Upstream,No,Yes multiple,7,Relatively flat/gentle gradient (e.g. valleys),10,11.3,Natural flow (seasonal),7.5,30.5,30,,4.33,,,11.76,36.38,0.34,0.04,0.09,3258,0.999693063
SW_S19S.0021_U_1,Most,USA,Needleleaf evergreen tree. Broadleaf deciduous tree,Sunny,Single-channel straight,Perennial,Silt/mud (<0.0625mm),Upstream,No,Yes multiple,6,Relatively flat/gentle gradient (e.g. valleys),18,28.2,Natural flow (seasonal),7.5,33.4,30,,1.36,-22,-3.75,13.06,64.12,0.12,0.04,0.11,3104,0.999677835
SW_S19S.0021_U_2,Most,USA,Needleleaf evergreen tree. Broadleaf deciduous tree,Sunny,Single-channel straight,Perennial,Silt/mud (<0.0625mm),Upstream,No,Yes multiple,6,Relatively flat/gentle gradient (e.g. valleys),18,28.2,Natural flow (seasonal),7.5,33.4,30,,1.49,,,13.64,63.66,0.12,0.04,0.12,3382,0.999704317
SW_S19S.0021_U_3,Most,USA,Needleleaf evergreen tree. Broadleaf deciduous tree,Sunny,Single-channel straight,Perennial,Silt/mud (<0.0625mm),Upstream,No,Yes multiple,6,Relatively flat/gentle gradient (e.g. valleys),18,28.2,Natural flow (seasonal),7.5,33.4,30,,1.84,,,13.04,64.18,0.12,0.04,0.1,3255,0.99969278
SW_S19S.0022_U_1,Average,USA,Broadleaf evergreen tree. Broadleaf deciduous tree,Sunny,Single-channel meandering,Perennial,Sand,Downstream,Yes,No,7,Relatively flat/gentle gradient (e.g. valleys),19.5,10.3,Natural flow (seasonal),7,22.3,20,2,1.95,-20.2,-4.31,1.49,0.54,0.12,0.04,0.07,2122,0.999528746
SW_S19S.0022_U_2,Average,USA,Broadleaf evergreen tree. Broadleaf deciduous tree,Sunny,Single-channel meandering,Perennial,Sand,Downstream,Yes,No,7,Relatively flat/gentle gradient (e.g. valleys),19.5,10.3,Natural flow (seasonal),7,22.3,20,2,2.39,,,1.45,0.69,0.17,0.04,0.07,2563,0.999609832
SW_S19S.0022_U_3,Most,USA,Broadleaf evergreen tree. Broadleaf deciduous tree,Sunny,Single-channel meandering,Perennial,Sand,Downstream,Yes,No,7,Relatively flat/gentle gradient (e.g. valleys),19.5,10.3,Natural flow (seasonal),7,22.3,20,2,1.62,,,1.46,0.68,0.12,0.04,0.05,2429,0.999588308
SW_S19S.0023_U_1,Most,USA,Broadleaf deciduous tree. Grass,Sunny,Single-channel meandering,Intermittent,Sand,Upstream,No,No,4,Relatively flat/gentle gradient (e.g. valleys),21,36,Natural flow (seasonal). Irrigation pumping,7.5,24.7,10,,3.6,-69.4,-8.69,4.86,1.55,0.19,0.04,1.31,2534,0.999605367
SW_S19S.0023_U_2,Most,USA,Broadleaf deciduous tree. Grass,Sunny,Single-channel meandering,Intermittent,Sand,Upstream,No,No,4,Relatively flat/gentle gradient (e.g. valleys),21,36,Natural flow (seasonal). Irrigation pumping,7.5,24.7,10,,4.76,,,4.62,1.52,0.12,0.04,1.23,2820,0.99964539
SW_S19S.0023_U_3,Most,USA,Broadleaf deciduous tree. Grass,Sunny,Single-channel meandering,Intermittent,Sand,Upstream,No,No,4,Relatively flat/gentle gradient (e.g. valleys),21,36,Natural flow (seasonal). Irrigation pumping,7.5,24.7,10,,4.97,,,4.7,1.55,0.12,0.04,1.24,3190,0.99968652
SW_S19S.0024_U_1,Least,USA,Broadleaf deciduous tree. Grass,Sunny,Single-channel straight,Perennial,Bedrock (primarily),Upstream,Yes,No,4,Relatively flat/gentle gradient (e.g. valleys),27,23,Natural flow (seasonal),7,25.9,10931,5,0.66,-28.7,-4.86,2.79,5.13,1.71,0.04,0.08,1140,0.999122807
SW_S19S.0025_U_1,Most,USA,Needleleaf evergreen tree. Broadleaf deciduous tree,Sunny. Partly cloudy,Single-channel straight,Perennial,Sand,Downstream,Yes,No,3,Relatively flat/gentle gradient (e.g. valleys),29.3,33.5,Natural flow (seasonal). Evapotranspiration. Occasional seasonal drying due to arid conditions,7,26,100,0,1.94,-25.9,-4.11,100.78,27.12,0.12,0.04,0.19,2604,0.999615975
SW_S19S.0025_U_2,Most,USA,Needleleaf evergreen tree. Broadleaf deciduous tree,Sunny. Partly cloudy,Single-channel straight,Perennial,Sand,Downstream,Yes,No,3,Relatively flat/gentle gradient (e.g. valleys),29.3,33.5,Natural flow (seasonal). Evapotranspiration. Occasional seasonal drying due to arid conditions,7,26,100,0,2.23,,,105.86,28.6,0.12,0.04,0.23,2628,0.999619482
SW_S19S.0025_U_3,Most,USA,Needleleaf evergreen tree. Broadleaf deciduous tree,Sunny. Partly cloudy,Single-channel straight,Perennial,Sand,Downstream,Yes,No,3,Relatively flat/gentle gradient (e.g. valleys),29.3,33.5,Natural flow (seasonal). Evapotranspiration. Occasional seasonal drying due to arid conditions,7,26,100,0,1.34,,,99.36,26.51,0.12,0.04,0.2,2617,0.999617883
SW_S19S.0026_U_1,Average,USA,Needleleaf evergreen tree. Broadleaf deciduous tree,Sunny. Partly cloudy,Single-channel meandering,Perennial,Bedrock (primarily),Downstream,Yes,No,1,Relatively steep gradient (e.g. mountainous or hilly terrain),40,18,Natural flow (seasonal),6,9.5,90,,3.75,-125.8,-17.17,0.16,1.22,0.12,0.04,0.04,1926,0.999480789
SW_S19S.0026_U_2,Average,USA,Needleleaf evergreen tree. Broadleaf deciduous tree,Sunny. Partly cloudy,Single-channel meandering,Perennial,Bedrock (primarily),Downstream,Yes,No,1,Relatively steep gradient (e.g. mountainous or hilly terrain),40,18,Natural flow (seasonal),6,9.5,90,,3.32,,,0.16,0.55,0.12,0.04,0.03,1808,0.999446903
SW_S19S.0026_U_3,Average,USA,Needleleaf evergreen tree. Broadleaf deciduous tree,Sunny. Partly cloudy,Single-channel meandering,Perennial,Bedrock (primarily),Downstream,Yes,No,1,Relatively steep gradient (e.g. mountainous or hilly terrain),40,18,Natural flow (seasonal),6,9.5,90,,3.44,,,0.16,1.2,0.12,0.04,0.04,2849,0.999649
SW_S19S.0027_U_1,Average,USA,Needleleaf evergreen tree. Shrub,Partly cloudy,Single-channel meandering,Perennial,Gravel/cobble (>2mm),Upstream,Yes,No,1,Relatively steep gradient (e.g. mountainous or hilly terrain),24,13,Natural flow (seasonal). Glacial melt,6.5,7.1,2,1,1.16,-121.5,-16.04,0.2,1.99,0.12,0.04,0.04,2474,0.999595796
SW_S19S.0027_U_2,Average,USA,Needleleaf evergreen tree. Shrub,Partly cloudy,Single-channel meandering,Perennial,Gravel/cobble (>2mm),Upstream,Yes,No,1,Relatively steep gradient (e.g. mountainous or hilly terrain),24,13,Natural flow (seasonal). Glacial melt,6.5,7.1,2,1,1.39,,,0.16,1.93,0.12,0.04,0.05,2659,0.999623919
SW_S19S.0027_U_3,Average,USA,Needleleaf evergreen tree. Shrub,Partly cloudy,Single-channel meandering,Perennial,Gravel/cobble (>2mm),Upstream,Yes,No,1,Relatively steep gradient (e.g. mountainous or hilly terrain),24,13,Natural flow (seasonal). Glacial melt,6.5,7.1,2,1,1.2,,,0.16,1.99,0.12,0.04,0.04,2444,0.999590835
SW_S19S.0028_U_1,Average,USA,Broadleaf deciduous tree. Shrub,Overcast,Multi-channel,Intermittent,Sand,Downstream,Yes,No,4,Relatively steep gradient (e.g. mountainous or hilly terrain),19,26,Natural flow (seasonal),7.5,23.8,12,0,1.31,-59.3,-8.44,10.98,14.1,0.12,0.04,0.57,2118,0.999527856
SW_S19S.0028_U_2,Average,USA,Broadleaf deciduous tree. Shrub,Overcast,Multi-channel,Intermittent,Sand,Downstream,Yes,No,4,Relatively steep gradient (e.g. mountainous or hilly terrain),19,26,Natural flow (seasonal),7.5,23.8,12,0,1.96,,,10.87,13.85,0.12,0.04,0.6,2561,0.999609528
SW_S19S.0028_U_3,Average,USA,Broadleaf deciduous tree. Shrub,Overcast,Multi-channel,Intermittent,Sand,Downstream,Yes,No,4,Relatively steep gradient (e.g. mountainous or hilly terrain),19,26,Natural flow (seasonal),7.5,23.8,12,0,1.94,,,10.79,13.64,0.12,0.04,0.57,2541,0.999606454
SW_S19S.0029_U_2,Average,USA,Broadleaf deciduous tree,Partly cloudy,Single-channel meandering,Perennial,Gravel/cobble (>2mm),Downstream,Yes,No,3,Relatively steep gradient (e.g. mountainous or hilly terrain),10,30,Natural flow (seasonal),7.5,12,20,5,0.73,,,10.25,75.5,0.24,0.04,0.12,2571,0.999611046
SW_S19S.0029_U_3,Average,USA,Broadleaf deciduous tree,Partly cloudy,Single-channel meandering,Perennial,Gravel/cobble (>2mm),Downstream,Yes,No,3,Relatively steep gradient (e.g. mountainous or hilly terrain),10,30,Natural flow (seasonal),7.5,12,20,5,0.81,,,10.08,74.24,0.12,0.04,0.11,2579,0.999612253
SW_S19S.0030_U_1,Average,USA,Needleleaf evergreen tree. Broadleaf deciduous tree,Sunny,Single-channel meandering,Perennial,Gravel/cobble (>2mm),Downstream,Yes,No,2,Relatively flat/gentle gradient (e.g. valleys),40,30,Natural flow (seasonal),6,14.7,30,2,0.45,-70.1,-10.36,0.67,0.3,0.24,0.04,0.03,1950,0.999487179
SW_S19S.0030_U_3,Least,USA,Needleleaf evergreen tree. Broadleaf deciduous tree,Sunny,Single-channel meandering,Perennial,Gravel/cobble (>2mm),Downstream,Yes,No,2,Relatively flat/gentle gradient (e.g. valleys),40,30,Natural flow (seasonal),6,14.7,30,2,0.53,,,0.79,0.35,6.61,0.04,0.03,1756,0.999430524
SW_S19S.0031_U_1,Average,USA,Needleleaf evergreen tree. Broadleaf deciduous tree,Sunny,Single-channel meandering,Perennial,Gravel/cobble (>2mm),Downstream,No,No,1,Relatively steep gradient (e.g. mountainous or hilly terrain),18,45,Natural flow (seasonal). Large woody debris,6,12.4,31,,0.5,-75.7,-10.44,0.55,0.26,0.12,0.04,0.02,2016,0.999503968
SW_S19S.0031_U_2,Least,USA,Needleleaf evergreen tree. Broadleaf deciduous tree,Sunny,Single-channel meandering,Perennial,Gravel/cobble (>2mm),Downstream,No,No,1,Relatively steep gradient (e.g. mountainous or hilly terrain),18,45,Natural flow (seasonal). Large woody debris,6,12.4,31,,0.45,,,0.53,0.25,0.12,0.04,0.02,1397,0.99928418
SW_S19S.0031_U_3,Least,USA,Needleleaf evergreen tree. Broadleaf deciduous tree,Sunny,Single-channel meandering,Perennial,Gravel/cobble (>2mm),Downstream,No,No,1,Relatively steep gradient (e.g. mountainous or hilly terrain),18,45,Natural flow (seasonal). Large woody debris,6,12.4,31,,0.91,,,1.26,2.6,0.12,0.05,0.03,1595,0.999373041
SW_S19S.0032_U_1,Average,USA,Needleleaf evergreen tree. Shrub,Partly cloudy,Single-channel meandering,Perennial,Gravel/cobble (>2mm),,No,No,1,Relatively steep gradient (e.g. mountainous or hilly terrain),64,10,Natural flow (seasonal),7,13.1,<100,,1.75,-87.7,-12.63,0.47,2.18,0.18,0.04,0.03,2534,0.999605367
SW_S19S.0032_U_2,Average,USA,Needleleaf evergreen tree. Shrub,Partly cloudy,Single-channel meandering,Perennial,Gravel/cobble (>2mm),,No,No,1,Relatively steep gradient (e.g. mountainous or hilly terrain),64,10,Natural flow (seasonal),7,13.1,<100,,1.93,,,1.99,1.52,0.12,0.04,0.09,2880,0.999652778
SW_S19S.0032_U_3,Average,USA,Needleleaf evergreen tree. Shrub,Partly cloudy,Single-channel meandering,Perennial,Gravel/cobble (>2mm),,No,No,1,Relatively steep gradient (e.g. mountainous or hilly terrain),64,10,Natural flow (seasonal),7,13.1,<100,,2.4,,,0.22,0.16,0.12,0.04,0.02,3018,0.999668655
SW_S19S.0033_U_2,Average,USA,Needleleaf evergreen tree. Broadleaf deciduous tree,Sunny,Single-channel meandering,Perennial,Gravel/cobble (>2mm),,No,No,2,Relatively flat/gentle gradient (e.g. valleys),60,30,Natural flow (seasonal),7,16.6,,,1.18,,,22.6,9.56,0.12,0.04,0.41,2479,0.999596612
SW_S19S.0033_U_3,Average,USA,Needleleaf evergreen tree. Broadleaf deciduous tree,Sunny,Single-channel meandering,Perennial,Gravel/cobble (>2mm),,No,No,2,Relatively flat/gentle gradient (e.g. valleys),60,30,Natural flow (seasonal),7,16.6,,,1.21,,,22.51,9.12,0.12,0.04,0.38,2634,0.999620349
SW_S19S.0034_U_1,Average,USA,Needleleaf evergreen tree. Grass,Partly cloudy. Overcast,Single-channel straight,Perennial,Gravel/cobble (>2mm),Downstream,Yes,No,1,Relatively steep gradient (e.g. mountainous or hilly terrain),25,25,Natural flow (seasonal),7,13.8,85,1,1.34,-84.5,-11.76,0.5,3.5,1.17,0.04,0.05,2679,0.999626726
SW_S19S.0034_U_2,Average,USA,Needleleaf evergreen tree. Grass,Partly cloudy. Overcast,Single-channel straight,Perennial,Gravel/cobble (>2mm),Downstream,Yes,No,1,Relatively steep gradient (e.g. mountainous or hilly terrain),25,25,Natural flow (seasonal),7,13.8,85,1,1.42,,,0.45,3.62,1.12,0.04,0.05,2164,0.999537893
SW_S19S.0034_U_3,Average,USA,Needleleaf evergreen tree. Grass,Partly cloudy. Overcast,Single-channel straight,Perennial,Gravel/cobble (>2mm),Downstream,Yes,No,1,Relatively steep gradient (e.g. mountainous or hilly terrain),25,25,Natural flow (seasonal),7,13.8,85,1,0.92,,,0.24,1.48,1.18,0.04,0.04,2553,0.999608304
SW_S19S.0035_U_1,Average,USA,Needleleaf evergreen tree. Broadleaf deciduous tree,Sunny,Single-channel straight,Perennial,Gravel/cobble (>2mm),Downstream,Yes,No,1,Relatively steep gradient (e.g. mountainous or hilly terrain),60,31,Natural flow (seasonal),6.5,18.4,5,1,9.62,-44.6,-7.12,1.93,3.65,0.12,0.04,0.27,2795,0.999642218
SW_S19S.0035_U_2,Average,USA,Needleleaf evergreen tree. Broadleaf deciduous tree,Sunny,Single-channel straight,Perennial,Gravel/cobble (>2mm),Downstream,Yes,No,1,Relatively steep gradient (e.g. mountainous or hilly terrain),60,31,Natural flow (seasonal),6.5,18.4,5,1,9.1,,,1.88,3.53,0.12,0.04,0.26,2699,0.999629492
SW_S19S.0035_U_3,Average,USA,Needleleaf evergreen tree. Broadleaf deciduous tree,Sunny,Single-channel straight,Perennial,Gravel/cobble (>2mm),Downstream,Yes,No,1,Relatively steep gradient (e.g. mountainous or hilly terrain),60,31,Natural flow (seasonal),6.5,18.4,5,1,10.58,,,,,,,,2763,0.999638075
SW_S19S.0036_U_1,Most,USA,Broadleaf deciduous tree,Sunny,Single-channel straight,Perennial,Gravel/cobble (>2mm),Downstream,No,Yes one,8,Relatively flat/gentle gradient (e.g. valleys),10,10,Dam (hydropower or other),7,11,95,,1.34,-131.3,-17.24,2.23,12.11,0.89,0.04,0.11,3000,0.999666667
SW_S19S.0036_U_2,Average,USA,Broadleaf deciduous tree,Sunny,Single-channel straight,Perennial,Gravel/cobble (>2mm),Downstream,No,Yes one,8,Relatively flat/gentle gradient (e.g. valleys),10,10,Dam (hydropower or other),7,11,95,,0.94,,,1.95,11.52,1.05,0.04,0.09,2236,0.999552773
SW_S19S.0036_U_3,Most,USA,Broadleaf deciduous tree,Sunny,Single-channel straight,Perennial,Gravel/cobble (>2mm),Downstream,No,Yes one,8,Relatively flat/gentle gradient (e.g. valleys),10,10,Dam (hydropower or other),7,11,95,,1.1,,,2.09,11.77,0.99,0.04,0.1,2625,0.999619048
SW_S19S.0037_U_1,Average,USA,Grass,Partly cloudy,Single-channel straight,Perennial,Gravel/cobble (>2mm),Downstream,Yes,No,2,Relatively flat/gentle gradient (e.g. valleys),10,10,Natural flow (seasonal),6.5,19.4,100,3,0.87,-42.3,-7.24,13.43,18,18.17,0.04,0.05,2137,0.999532054
SW_S19S.0037_U_2,Most,USA,Grass,Partly cloudy,Single-channel straight,Perennial,Gravel/cobble (>2mm),Downstream,Yes,No,2,Relatively flat/gentle gradient (e.g. valleys),10,10,Natural flow (seasonal),6.5,19.4,100,3,0.98,,,14.04,18.7,18.11,0.04,0.05,3090,0.999676375
SW_S19S.0038_U_1,Average,USA,Broadleaf deciduous tree,Partly cloudy,Single-channel straight,Perennial,Gravel/cobble (>2mm),Upstream,Yes,No,2,Relatively flat/gentle gradient (e.g. valleys),10,10,Natural flow (seasonal),6.5,19.5,100,3,0.96,-43.5,-7.35,12.44,17.88,18.18,0.04,0.04,2140,0.99953271
SW_S19S.0038_U_2,Least,USA,Broadleaf deciduous tree,Partly cloudy,Single-channel straight,Perennial,Gravel/cobble (>2mm),Upstream,Yes,No,2,Relatively flat/gentle gradient (e.g. valleys),10,10,Natural flow (seasonal),6.5,19.5,100,3,0.8,,,12.52,17.95,18.55,0.04,0.05,992,0.998991935
SW_S19S.0038_U_3,Most,USA,Broadleaf deciduous tree,Partly cloudy,Single-channel straight,Perennial,Gravel/cobble (>2mm),Upstream,Yes,No,2,Relatively flat/gentle gradient (e.g. valleys),10,10,Natural flow (seasonal),6.5,19.5,100,3,0.69,,,12.44,17.85,18.5,0.04,0.06,2568,0.999610592
SW_S19S.0039_U_1,Most,USA,Broadleaf deciduous tree. Grass,Sunny,Single-channel meandering,Perennial,Gravel/cobble (>2mm),Downstream,Yes,No,3,Relatively flat/gentle gradient (e.g. valleys),64,103,Natural flow (seasonal),7.5,22.8,64,1,3.18,-18.6,-3.8,9.67,13.28,7.82,0.11,0.16,3424,0.999707944
SW_S19S.0039_U_2,Most,USA,Broadleaf deciduous tree. Grass,Sunny,Single-channel meandering,Perennial,Gravel/cobble (>2mm),Downstream,Yes,No,3,Relatively flat/gentle gradient (e.g. valleys),64,103,Natural flow (seasonal),7.5,22.8,64,1,2.58,,,9.73,13.48,7.87,0.1,0.18,3180,0.999685535
SW_S19S.0039_U_3,Most,USA,Broadleaf deciduous tree. Grass,Sunny,Single-channel meandering,Perennial,Gravel/cobble (>2mm),Downstream,Yes,No,3,Relatively flat/gentle gradient (e.g. valleys),64,103,Natural flow (seasonal),7.5,22.8,64,1,3.33,,,9.59,13.46,7.95,0.1,0.19,3360,0.999702381
SW_S19S.0040_U_2,Average,USA,Shrub. Grass,Sunny,Single-channel meandering,Intermittent,Gravel/cobble (>2mm),Downstream,Yes,No,1,Relatively steep gradient (e.g. mountainous or hilly terrain),20,10,Natural flow (seasonal),7.5,21.7,100,3,0.67,,,1.58,31.14,0.12,0.04,0.34,2745,0.999635701
SW_S19S.0040_U_3,Average,USA,Shrub. Grass,Sunny,Single-channel meandering,Intermittent,Gravel/cobble (>2mm),Downstream,Yes,No,1,Relatively steep gradient (e.g. mountainous or hilly terrain),20,10,Natural flow (seasonal),7.5,21.7,100,3,0.81,,,1.74,31.19,0.12,0.04,0.32,2615,0.999617591
SW_S19S.0041_U_1,Average,USA,Broadleaf deciduous tree. Grass,Sunny,Multi-channel,Perennial,Sand,Upstream,Yes,Yes one,6,Relatively flat/gentle gradient (e.g. valleys),3.5,6.8,Natural flow (seasonal). Dam (hydropower or other). Irrigation pumping,6.5,20,120,2,3.2,-116.3,-15.21,2.72,4.66,0.12,0.04,0.11,2137,0.999532054
SW_S19S.0041_U_2,Average,USA,Broadleaf deciduous tree. Grass,Sunny,Multi-channel,Perennial,Sand,Upstream,Yes,Yes one,6,Relatively flat/gentle gradient (e.g. valleys),3.5,6.8,Natural flow (seasonal). Dam (hydropower or other). Irrigation pumping,6.5,20,120,2,2.85,,,2.83,4.85,0.12,0.04,0.1,2295,0.99956427
SW_S19S.0041_U_3,Most,USA,Broadleaf deciduous tree. Grass,Sunny,Multi-channel,Perennial,Sand,Upstream,Yes,Yes one,6,Relatively flat/gentle gradient (e.g. valleys),3.5,6.8,Natural flow (seasonal). Dam (hydropower or other). Irrigation pumping,6.5,20,120,2,5.42,,,2.8,4.76,0.12,0.04,0.1,2658,0.999623777
SW_S19S.0042_U_1,Most,USA,Broadleaf evergreen tree,Partly cloudy,Multi-channel,Perennial,Silt/mud (<0.0625mm),Upstream,Yes,Yes one,1,Relatively flat/gentle gradient (e.g. valleys),10,10,Natural flow (seasonal). Tidal. Evapotranspiration,> 7.5,29.1,100,1,15.06,8.3,0.72,1719.1,209.18,0.54,0.04,0.02,3080,0.999675325
SW_S19S.0042_U_2,Most,USA,Broadleaf evergreen tree,Partly cloudy,Multi-channel,Perennial,Silt/mud (<0.0625mm),Upstream,Yes,Yes one,1,Relatively flat/gentle gradient (e.g. valleys),10,10,Natural flow (seasonal). Tidal. Evapotranspiration,> 7.5,29.1,100,1,12.17,,,1845.35,225.73,0.12,0.04,0.02,3197,0.999687207
SW_S19S.0042_U_3,Most,USA,Broadleaf evergreen tree,Partly cloudy,Multi-channel,Perennial,Silt/mud (<0.0625mm),Upstream,Yes,Yes one,1,Relatively flat/gentle gradient (e.g. valleys),10,10,Natural flow (seasonal). Tidal. Evapotranspiration,> 7.5,29.1,100,1,12.99,,,1625.46,200.39,0.12,0.04,0.02,2464,0.999594156
SW_S19S.0043_U_1,Most,USA,Shrub. Grass,Sunny,Single-channel meandering,Perennial,Silt/mud (<0.0625mm),Upstream,No,No,3,Relatively flat/gentle gradient (e.g. valleys),10,12,Natural flow (seasonal),7.5,15.7,2,,1.76,-55,-8.45,35.22,22.81,50.69,0.04,0.1,2774,0.99963951
SW_S19S.0043_U_2,Most,USA,Shrub. Grass,Sunny,Single-channel meandering,Perennial,Silt/mud (<0.0625mm),Upstream,No,No,3,Relatively flat/gentle gradient (e.g. valleys),10,12,Natural flow (seasonal),7.5,15.7,2,,1.84,,,37.82,25.12,46.8,0.04,0.1,2894,0.999654457
SW_S19S.0043_U_3,Average,USA,Shrub. Grass,Sunny,Single-channel meandering,Perennial,Silt/mud (<0.0625mm),Upstream,No,No,3,Relatively flat/gentle gradient (e.g. valleys),10,12,Natural flow (seasonal),7.5,15.7,2,,1.57,,,36.76,23.48,50.78,0.04,0.1,2627,0.999619338
SW_S19S.0044_U_1,Most,USA,Needleleaf deciduous tree. Broadleaf deciduous tree,Sunny,Single-channel meandering,Perennial,Silt/mud (<0.0625mm),Downstream,Yes,No,3,Relatively flat/gentle gradient (e.g. valleys),37.47,46.78,Natural flow (seasonal). Tidal. Evapotranspiration,6,24,23.71,1,13.43,-20.9,-3.68,7.5,4.68,0.4,0.04,0.05,3000,0.999666667
SW_S19S.0044_U_2,Average,USA,Needleleaf deciduous tree. Broadleaf deciduous tree,Sunny,Single-channel meandering,Perennial,Silt/mud (<0.0625mm),Downstream,Yes,No,3,Relatively flat/gentle gradient (e.g. valleys),37.47,46.78,Natural flow (seasonal). Tidal. Evapotranspiration,6,24,23.71,1,12.83,,,7.54,4.45,0.21,0.04,0.05,2658,0.999623777
SW_S19S.0044_U_3,Average,USA,Needleleaf deciduous tree. Broadleaf deciduous tree,Sunny,Single-channel meandering,Perennial,Silt/mud (<0.0625mm),Downstream,Yes,No,3,Relatively flat/gentle gradient (e.g. valleys),37.47,46.78,Natural flow (seasonal). Tidal. Evapotranspiration,6,24,23.71,1,13.02,,,7.64,4.64,1.31,0.04,0.06,2721,0.999632488
SW_S19S.0045_U_1,Most,Germany,Broadleaf deciduous tree. Grass,Partly cloudy,Single-channel straight,Perennial,Sand,Downstream,Yes,No,,Relatively flat/gentle gradient (e.g. valleys),12,46,discharge of wastewater treatment plant,7.7,20.4,,3,8.39,-58.8,-8.12,96.69,121.39,32.71,0.29,0.12,2902,0.99965541
SW_S19S.0045_U_2,Most,Germany,Broadleaf deciduous tree. Grass,Partly cloudy,Single-channel straight,Perennial,Sand,Downstream,Yes,No,,Relatively flat/gentle gradient (e.g. valleys),12,46,discharge of wastewater treatment plant,7.7,20.4,,3,6.37,,,105.05,132.65,32.99,0.29,0.16,2547,0.999607381
SW_S19S.0045_U_3,Most,Germany,Broadleaf deciduous tree. Grass,Partly cloudy,Single-channel straight,Perennial,Sand,Downstream,Yes,No,,Relatively flat/gentle gradient (e.g. valleys),12,46,discharge of wastewater treatment plant,7.7,20.4,,3,7.48,,,95.96,120.28,32.79,0.27,0.13,2411,0.999585234
SW_S19S.0047_U_1,Average,USA,Shrub,Raining,Single-channel meandering,Perennial,Gravel/cobble (>2mm),Upstream,Yes,No,,Relatively flat/gentle gradient (e.g. valleys),5,5,Natural flow (seasonal),6.5,8.5,0.2,0,4.07,-134.8,-17.38,0.16,33.61,0.12,0.04,0.05,2787,0.999641191
SW_S19S.0047_U_2,Average,USA,Shrub,Raining,Single-channel meandering,Perennial,Gravel/cobble (>2mm),Upstream,Yes,No,,Relatively flat/gentle gradient (e.g. valleys),5,5,Natural flow (seasonal),6.5,8.5,0.2,0,3.75,,,0.16,18.9,0.12,0.04,0.04,2432,0.999588816
SW_S19S.0047_U_3,Most,USA,Shrub,Raining,Single-channel meandering,Perennial,Gravel/cobble (>2mm),Upstream,Yes,No,,Relatively flat/gentle gradient (e.g. valleys),5,5,Natural flow (seasonal),6.5,8.5,0.2,0,4.56,,,0.16,33.22,0.15,0.04,0.04,2893,0.999654338
SW_S19S.0048_U_1,Least,USA,Broadleaf evergreen tree,Sunny. Partly cloudy,Single-channel meandering,Perennial,Gravel/cobble (>2mm),Upstream,Yes,No,,Relatively flat/gentle gradient (e.g. valleys),39,19,Natural flow (seasonal),7.5,24.5,36,2,0.68,-8.4,-2.76,7.74,3.49,1.29,0.04,0.02,1572,0.999363868
SW_S19S.0048_U_2,Least,USA,Broadleaf evergreen tree,Sunny. Partly cloudy,Single-channel meandering,Perennial,Gravel/cobble (>2mm),Upstream,Yes,No,,Relatively flat/gentle gradient (e.g. valleys),39,19,Natural flow (seasonal),7.5,24.5,36,2,0.45,,,7.78,3.73,1.31,0.04,0.02,718,0.998607242
SW_S19S.0048_U_3,Average,USA,Broadleaf evergreen tree,Sunny. Partly cloudy,Single-channel meandering,Perennial,Gravel/cobble (>2mm),Upstream,Yes,No,,Relatively flat/gentle gradient (e.g. valleys),39,19,Natural flow (seasonal),7.5,24.5,36,2,0.48,,,7.71,3.49,1.28,0.04,0.03,2537,0.999605834
SW_S19S.0049_U_1,Most,USA,Grass,Partly cloudy,Single-channel straight,Perennial,Gravel/cobble (>2mm),Downstream,Yes,No,,Relatively flat/gentle gradient (e.g. valleys),32,49,Natural flow (seasonal),7.5,22.9,,,0.66,-12.3,-3.23,6.64,4.86,0.66,0.04,0.06,3043,0.999671377
SW_S19S.0049_U_2,Least,USA,Grass,Partly cloudy,Single-channel straight,Perennial,Gravel/cobble (>2mm),Downstream,Yes,No,,Relatively flat/gentle gradient (e.g. valleys),32,49,Natural flow (seasonal),7.5,22.9,,,0.75,,,6.53,4.75,0.63,0.04,0.06,1069,0.999064546
SW_S19S.0049_U_3,Average,USA,Grass,Partly cloudy,Single-channel straight,Perennial,Gravel/cobble (>2mm),Downstream,Yes,No,,Relatively flat/gentle gradient (e.g. valleys),32,49,Natural flow (seasonal),7.5,22.9,,,1.2,,,6.45,4.71,0.59,0.04,0.06,2296,0.99956446
SW_S19S.0050_U_1,Average,USA,Shrub,Raining,Single-channel meandering,Intermittent,Gravel/cobble (>2mm),,Yes,No,,Relatively flat/gentle gradient (e.g. valleys),24.5,30.7,Glacial melt. Precipitation,6.5,9.6,,0,4.45,-142.4,-18.68,0.38,5.25,0.12,0.04,0.04,2665,0.999624765
SW_S19S.0050_U_2,Average,USA,Shrub,Raining,Single-channel meandering,Intermittent,Gravel/cobble (>2mm),,Yes,No,,Relatively flat/gentle gradient (e.g. valleys),24.5,30.7,Glacial melt. Precipitation,6.5,9.6,,0,5.13,,,0.27,4.02,0.12,0.04,0.04,2680,0.999626866
SW_S19S.0050_U_3,Most,USA,Shrub,Raining,Single-channel meandering,Intermittent,Gravel/cobble (>2mm),,Yes,No,,Relatively flat/gentle gradient (e.g. valleys),24.5,30.7,Glacial melt. Precipitation,6.5,9.6,,0,4.18,,,0.21,2.57,0.12,0.04,0.03,2424,0.999587459
SW_S19S.0051_U_1,Average,USA,Broadleaf deciduous tree. Shrub,Overcast,Single-channel meandering,Perennial,Gravel/cobble (>2mm),,Yes,No,,Relatively flat/gentle gradient (e.g. valleys),21.8,15.2,,6.5,4.5,40,0,7.52,-136.7,-17.64,0.16,2.68,1.23,0.04,0.06,2853,0.999649492
SW_S19S.0051_U_2,Average,USA,Broadleaf deciduous tree. Shrub,Overcast,Single-channel meandering,Perennial,Gravel/cobble (>2mm),,Yes,No,,Relatively flat/gentle gradient (e.g. valleys),21.8,15.2,,6.5,4.5,40,0,9.69,,,0.16,2.58,1.21,0.04,0.04,2849,0.999649
SW_S19S.0051_U_3,Average,USA,Broadleaf deciduous tree. Shrub,Overcast,Single-channel meandering,Perennial,Gravel/cobble (>2mm),,Yes,No,,Relatively flat/gentle gradient (e.g. valleys),21.8,15.2,,6.5,4.5,40,0,7.62,,,0.16,2.58,1.27,0.04,0.04,2386,0.999580889
SW_S19S.0052_U_1,Most,USA,Needleleaf evergreen tree. Broadleaf deciduous tree,Sunny,Single-channel straight,Perennial,Gravel/cobble (>2mm),Downstream,,,2,Relatively flat/gentle gradient (e.g. valleys),64,18,,6.5,20.3,0,,1.56,-60.3,-9.52,16.75,3.87,0.41,0.04,0.04,2814,0.999644634
SW_S19S.0052_U_2,Average,USA,Needleleaf evergreen tree. Broadleaf deciduous tree,Sunny,Single-channel straight,Perennial,Gravel/cobble (>2mm),Downstream,,,2,Relatively flat/gentle gradient (e.g. valleys),64,18,,6.5,20.3,0,,1.4,,,16.6,3.82,0.45,0.04,0.04,2037,0.999509082
SW_S19S.0052_U_3,Most,USA,Needleleaf evergreen tree. Broadleaf deciduous tree,Sunny,Single-channel straight,Perennial,Gravel/cobble (>2mm),Downstream,,,2,Relatively flat/gentle gradient (e.g. valleys),64,18,,6.5,20.3,0,,1.35,,,16.81,3.74,0.41,0.04,0.04,2813,0.999644508
SW_S19S.0053_U_1,Most,USA,Broadleaf deciduous tree. Shrub,Sunny,Single-channel meandering,Intermittent,Sand,Downstream,,,1,Relatively flat/gentle gradient (e.g. valleys),10,10,,6.5,22.78,60,,3.06,-47.6,-7.66,58.81,14.99,2.89,0.04,0.05,3387,0.999704753
SW_S19S.0053_U_2,Most,USA,Broadleaf deciduous tree. Shrub,Sunny,Single-channel meandering,Intermittent,Sand,Downstream,,,1,Relatively flat/gentle gradient (e.g. valleys),10,10,,6.5,22.78,60,,2.21,,,59.25,15.19,2.99,0.04,0.04,3272,0.999694377
SW_S19S.0053_U_3,Most,USA,Broadleaf deciduous tree. Shrub,Sunny,Single-channel meandering,Intermittent,Sand,Downstream,,,1,Relatively flat/gentle gradient (e.g. valleys),10,10,,6.5,22.78,60,,2.3,,,59.8,15.47,2.93,0.04,0.05,3077,0.999675008
SW_S19S.0054_U_1,Most,USA,Shrub,Sunny,Single-channel meandering,Perennial,Silt/mud (<0.0625mm),Downstream,Yes,No,5,Relatively flat/gentle gradient (e.g. valleys),10,30,Natural flow (seasonal),6.7,29.1,100,1,5.4,-27.4,-4.32,18.79,7.06,0.12,0.04,0.08,3170,0.999684543
SW_S19S.0054_U_2,Most,USA,Shrub,Sunny,Single-channel meandering,Perennial,Silt/mud (<0.0625mm),Downstream,Yes,No,5,Relatively flat/gentle gradient (e.g. valleys),10,30,Natural flow (seasonal),6.7,29.1,100,1,3.61,,,18.83,6.81,0.12,0.04,0.1,2746,0.999635834
SW_S19S.0054_U_3,Average,USA,Shrub,Sunny,Single-channel meandering,Perennial,Silt/mud (<0.0625mm),Downstream,Yes,No,5,Relatively flat/gentle gradient (e.g. valleys),10,30,Natural flow (seasonal),6.7,29.1,100,1,3.88,,,19.28,6.94,0.12,0.04,0.08,2060,0.999514563
SW_S19S.0055_U_1,Most,USA,Broadleaf deciduous tree. Grass,Sunny,Single-channel meandering,Perennial,Gravel/cobble (>2mm),Upstream,No,No,4,Relatively flat/gentle gradient (e.g. valleys),23,15,Natural flow (seasonal),7.5,20.1,30,,3.58,-113.1,-14.34,79.08,38.73,3.63,0.04,0.39,2988,0.999665328
SW_S19S.0055_U_2,Most,USA,Broadleaf deciduous tree. Grass,Sunny,Single-channel meandering,Perennial,Gravel/cobble (>2mm),Upstream,No,No,4,Relatively flat/gentle gradient (e.g. valleys),23,15,Natural flow (seasonal),7.5,20.1,30,,2.44,,,75.34,36.6,3.64,0.04,0.41,2907,0.999656003
SW_S19S.0055_U_3,Most,USA,Broadleaf deciduous tree. Grass,Sunny,Single-channel meandering,Perennial,Gravel/cobble (>2mm),Upstream,No,No,4,Relatively flat/gentle gradient (e.g. valleys),23,15,Natural flow (seasonal),7.5,20.1,30,,2.1,,,69.51,33.87,3.09,0.04,0.35,3277,0.999694843
SW_S19S.0056_U_1,Least,South Korea,Shrub. Grass,,Single-channel straight,Perennial,Sand,Downstream,Yes,Yes multiple,,Relatively flat/gentle gradient (e.g. valleys),12,13,Natural flow (seasonal),6.5,31,100,4,3.32,-58,-7.68,17.75,24.1,2.93,0.07,0.15,1782,0.999438833
SW_S19S.0056_U_2,Most,South Korea,Shrub. Grass,,Single-channel straight,Perennial,Sand,Downstream,Yes,Yes multiple,,Relatively flat/gentle gradient (e.g. valleys),12,13,Natural flow (seasonal),6.5,31,100,4,4.19,,,16.8,23.31,2.9,0.06,0.15,3305,0.999697428
SW_S19S.0057_U_1,Most,USA,Broadleaf deciduous tree. Shrub,Sunny,Multi-channel,Intermittent,Silt/mud (<0.0625mm),Upstream,Yes,No,2,Relatively flat/gentle gradient (e.g. valleys),12,19,Natural flow (seasonal),7,25.3,4,6,4.13,-20.6,-4.13,1.31,0.39,0.12,0.04,0.03,2968,0.999663073
SW_S19S.0057_U_2,Most,USA,Broadleaf deciduous tree. Shrub,Sunny,Multi-channel,Intermittent,Silt/mud (<0.0625mm),Upstream,Yes,No,2,Relatively flat/gentle gradient (e.g. valleys),12,19,Natural flow (seasonal),7,25.3,4,6,4.05,,,1.31,0.7,0.12,0.04,0.04,2989,0.99966544
SW_S19S.0057_U_3,Most,USA,Broadleaf deciduous tree. Shrub,Sunny,Multi-channel,Intermittent,Silt/mud (<0.0625mm),Upstream,Yes,No,2,Relatively flat/gentle gradient (e.g. valleys),12,19,Natural flow (seasonal),7,25.3,4,6,0.56,,,1.31,0.4,0.12,0.04,0.03,2495,0.999599198
SW_S19S.0058_U_1,Least,Israel,Broadleaf evergreen tree. Shrub,Sunny,Single-channel meandering,Perennial,Silt/mud (<0.0625mm),Upstream,No,No,,Relatively flat/gentle gradient (e.g. valleys),9,10,Natural flow (seasonal),7.5,26,100,,0.73,,,14.32,15.74,7.05,0.04,0.09,1618,0.999381953
SW_S19S.0058_U_2,Least,Israel,Broadleaf evergreen tree. Shrub,Sunny,Single-channel meandering,Perennial,Silt/mud (<0.0625mm),Upstream,No,No,,Relatively flat/gentle gradient (e.g. valleys),9,10,Natural flow (seasonal),7.5,26,100,,0.66,-34.1,-6.83,13.98,15.81,7.05,0.04,0.1,1519,0.999341672
SW_S19S.0058_U_3,Average,Israel,Broadleaf evergreen tree. Shrub,Sunny,Single-channel meandering,Perennial,Silt/mud (<0.0625mm),Upstream,No,No,,Relatively flat/gentle gradient (e.g. valleys),9,10,Natural flow (seasonal),7.5,26,100,,0.74,,,14.26,15.97,6.89,0.04,0.09,1918,0.999478624
SW_S19S.0059_U_1,Average,USA,Needleleaf evergreen tree. Shrub,Overcast,Single-channel meandering,Perennial,Sand,Upstream,Yes,No,1,Relatively steep gradient (e.g. mountainous or hilly terrain),13,26,Natural flow (seasonal),6.5,11,0,0,1.51,-109.8,-15.1,0.45,4.94,0.12,0.04,0.07,2812,0.999644381
SW_S19S.0059_U_2,Average,USA,Needleleaf evergreen tree. Shrub,Overcast,Single-channel meandering,Perennial,Sand,Upstream,Yes,No,1,Relatively steep gradient (e.g. mountainous or hilly terrain),13,26,Natural flow (seasonal),6.5,11,0,0,1.42,,,0.46,3.69,0.12,0.04,0.07,2916,0.999657064
SW_S19S.0059_U_3,Average,USA,Needleleaf evergreen tree. Shrub,Overcast,Single-channel meandering,Perennial,Sand,Upstream,Yes,No,1,Relatively steep gradient (e.g. mountainous or hilly terrain),13,26,Natural flow (seasonal),6.5,11,0,0,1.55,,,0.45,4.55,0.12,0.04,0.07,2800,0.999642857
SW_S19S.0060_U_1,Most,USA,Broadleaf deciduous tree. Grass,Sunny,Single-channel straight,Perennial,Gravel/cobble (>2mm),Downstream,No,Yes multiple,7,Relatively flat/gentle gradient (e.g. valleys),15.3,17.1,Natural flow (seasonal). Dam (hydropower or other). Irrigation pumping,8,25.6,60,,1.48,-96.9,-12.76,8.63,16.44,5.69,0.04,0.15,2973,0.999663639
SW_S19S.0060_U_2,Most,USA,Broadleaf deciduous tree. Grass,Sunny,Single-channel straight,Perennial,Gravel/cobble (>2mm),Downstream,No,Yes multiple,7,Relatively flat/gentle gradient (e.g. valleys),15.3,17.1,Natural flow (seasonal). Dam (hydropower or other). Irrigation pumping,8,25.6,60,,1.26,,,8.64,16.82,5.04,0.04,0.15,2656,0.999623494
SW_S19S.0060_U_3,Average,USA,Broadleaf deciduous tree. Grass,Sunny,Single-channel straight,Perennial,Gravel/cobble (>2mm),Downstream,No,Yes multiple,7,Relatively flat/gentle gradient (e.g. valleys),15.3,17.1,Natural flow (seasonal). Dam (hydropower or other). Irrigation pumping,8,25.6,60,,1.46,,,8.58,16.18,5.05,0.04,0.14,2138,0.999532273
SW_S19S.0061_U_1,Most,USA,Shrub. Grass,Overcast,Single-channel straight,Perennial,Silt/mud (<0.0625mm),,Yes,No,1,Relatively flat/gentle gradient (e.g. valleys),11.8,23.1,Natural flow (seasonal),7.5,16.9,0,1,3,-49.2,-7.5,28.24,11.81,9.84,0.08,0.08,3209,0.999688376
SW_S19S.0061_U_2,Most,USA,Shrub. Grass,Overcast,Single-channel straight,Perennial,Silt/mud (<0.0625mm),,Yes,No,1,Relatively flat/gentle gradient (e.g. valleys),11.8,23.1,Natural flow (seasonal),7.5,16.9,0,1,2.35,,,27.15,11.34,9.46,0.08,0.09,2654,0.99962321
SW_S19S.0061_U_3,Most,USA,Shrub. Grass,Overcast,Single-channel straight,Perennial,Silt/mud (<0.0625mm),,Yes,No,1,Relatively flat/gentle gradient (e.g. valleys),11.8,23.1,Natural flow (seasonal),7.5,16.9,0,1,2.59,,,26.34,10.88,9.53,0.08,0.09,2989,0.99966544
SW_S19S.0062_U_1,Most,USA,Broadleaf deciduous tree. Shrub,Partly cloudy,Single-channel straight,Perennial,Gravel/cobble (>2mm),Upstream,Yes,Yes one,5,Relatively steep gradient (e.g. mountainous or hilly terrain),9.5,14,Natural flow (seasonal),7.5,14.2,150,4,1.4,-123.2,-16.81,0.9,13.78,0.12,0.04,0.11,3178,0.999685337
SW_S19S.0062_U_2,Most,USA,Broadleaf deciduous tree. Shrub,Partly cloudy,Single-channel straight,Perennial,Gravel/cobble (>2mm),Upstream,Yes,Yes one,5,Relatively steep gradient (e.g. mountainous or hilly terrain),9.5,14,Natural flow (seasonal),7.5,14.2,150,4,1.86,,,0.44,4.94,0.12,0.04,0.07,3071,0.999674373
SW_S19S.0062_U_3,Most,USA,Broadleaf deciduous tree. Shrub,Partly cloudy,Single-channel straight,Perennial,Gravel/cobble (>2mm),Upstream,Yes,Yes one,5,Relatively steep gradient (e.g. mountainous or hilly terrain),9.5,14,Natural flow (seasonal),7.5,14.2,150,4,1.84,,,0.87,13.59,0.12,0.04,0.11,2684,0.999627422
SW_S19S.0063_U_1,Most,USA ,Broadleaf evergreen tree. Broadleaf deciduous tree,Sunny,Single-channel meandering,Perennial,Gravel/cobble (>2mm),Upstream,No,Yes multiple,6,Relatively flat/gentle gradient (e.g. valleys),10,13,Dam (hydropower or other),7.5,24,3000,,2.18,-19.5,-2.72,29.88,29.2,1.85,0.04,0.17,3154,0.999682942
SW_S19S.0063_U_2,Most,USA ,Broadleaf evergreen tree. Broadleaf deciduous tree,Sunny,Single-channel meandering,Perennial,Gravel/cobble (>2mm),Upstream,No,Yes multiple,6,Relatively flat/gentle gradient (e.g. valleys),10,13,Dam (hydropower or other),7.5,24,3000,,1.9,,,28.28,27.58,1.75,0.04,0.18,3044,0.999671485
SW_S19S.0063_U_3,Most,USA ,Broadleaf evergreen tree. Broadleaf deciduous tree,Sunny,Single-channel meandering,Perennial,Gravel/cobble (>2mm),Upstream,No,Yes multiple,6,Relatively flat/gentle gradient (e.g. valleys),10,13,Dam (hydropower or other),7.5,24,3000,,2.15,,,28.89,28.02,1.82,0.04,0.17,3249,0.999692213
SW_S19S.0064_U_1,Average,USA,Broadleaf deciduous tree. Grass,Sunny,Single-channel straight,Perennial,Gravel/cobble (>2mm),,Yes,Yes one,4,Relatively flat/gentle gradient (e.g. valleys),20,20,Natural flow (seasonal),7.7,23.5,,5,1.34,-51.1,-7.1,6.73,16.86,5.07,0.06,0.05,2143,0.999533364
SW_S19S.0064_U_2,Most,USA,Broadleaf deciduous tree. Grass,Sunny,Single-channel straight,Perennial,Gravel/cobble (>2mm),,Yes,Yes one,4,Relatively flat/gentle gradient (e.g. valleys),20,20,Natural flow (seasonal),7.7,23.5,,5,1.18,,,6.85,17.46,4.99,0.08,0.04,2710,0.999630996
SW_S19S.0064_U_3,Most,USA,Broadleaf deciduous tree. Grass,Sunny,Single-channel straight,Perennial,Gravel/cobble (>2mm),,Yes,Yes one,4,Relatively flat/gentle gradient (e.g. valleys),20,20,Natural flow (seasonal),7.7,23.5,,5,1.52,,,6.71,16.5,4.92,0.05,0.06,2655,0.999623352
SW_S19S.0065_U_1,Most,USA,Needleleaf evergreen tree. Broadleaf evergreen tree,Sunny,Single-channel meandering,Perennial,Gravel/cobble (>2mm),Upstream,No,Yes one,5,Relatively flat/gentle gradient (e.g. valleys),13,12,Natural flow (seasonal). Dam (hydropower or other),5,22.1,1000,,1.77,-49.6,-7.16,4.31,11.2,0.12,0.04,0.08,2731,0.999633834
SW_S19S.0065_U_2,Most,USA,Needleleaf evergreen tree. Broadleaf evergreen tree,Sunny,Single-channel meandering,Perennial,Gravel/cobble (>2mm),Upstream,No,Yes one,5,Relatively flat/gentle gradient (e.g. valleys),13,12,Natural flow (seasonal). Dam (hydropower or other),5,22.1,1000,,1.79,,,4.28,10.91,0.12,0.04,0.08,2531,0.999604899
SW_S19S.0065_U_3,Most,USA,Needleleaf evergreen tree. Broadleaf evergreen tree,Sunny,Single-channel meandering,Perennial,Gravel/cobble (>2mm),Upstream,No,Yes one,5,Relatively flat/gentle gradient (e.g. valleys),13,12,Natural flow (seasonal). Dam (hydropower or other),5,22.1,1000,,1.84,,,4.35,11.01,0.12,0.04,0.1,2893,0.999654338
SW_S19S.0066_U_1,Most,USA,Shrub. Grass,Sunny,Multi-channel,Perennial,Sand,Upstream,Yes,Yes multiple,7,Relatively flat/gentle gradient (e.g. valleys),10,10,Natural flow (seasonal). Dam (hydropower or other). Evapotranspiration,6.5,31.2,100,7,2.07,-96.5,-13.12,3.85,21.56,0.69,0.04,0.24,3174,0.99968494
SW_S19S.0066_U_2,Most,USA,Shrub. Grass,Sunny,Multi-channel,Perennial,Sand,Upstream,Yes,Yes multiple,7,Relatively flat/gentle gradient (e.g. valleys),10,10,Natural flow (seasonal). Dam (hydropower or other). Evapotranspiration,6.5,31.2,100,7,3.07,,,3.78,21.12,0.66,0.04,0.22,2907,0.999656003
SW_S19S.0067_U_1,Most,USA,Shrub. Grass,Overcast,Single-channel meandering,Perennial,Gravel/cobble (>2mm),Upstream,Yes,No,3,Relatively flat/gentle gradient (e.g. valleys),10,22,Natural flow (seasonal),7.5,20.63,4308,4,1.77,-57.9,-8.77,12.15,15.3,6.71,0.04,0.08,2796,0.999642346
SW_S19S.0067_U_2,Most,USA,Shrub. Grass,Overcast,Single-channel meandering,Perennial,Gravel/cobble (>2mm),Upstream,Yes,No,3,Relatively flat/gentle gradient (e.g. valleys),10,22,Natural flow (seasonal),7.5,20.63,4308,4,2.07,,,11.95,15.08,6.54,0.04,0.08,2822,0.999645641
SW_S19S.0067_U_3,Most,USA,Shrub. Grass,Overcast,Single-channel meandering,Perennial,Gravel/cobble (>2mm),Upstream,Yes,No,3,Relatively flat/gentle gradient (e.g. valleys),10,22,Natural flow (seasonal),7.5,20.63,4308,4,2.7,,,11.25,14.08,6.69,0.04,0.08,3154,0.999682942
SW_S19S.0068_U_1,Average,USA,Needleleaf evergreen tree. Broadleaf deciduous tree,Sunny,Multi-channel,Intermittent,Gravel/cobble (>2mm),Upstream,Yes,No,3,Relatively steep gradient (e.g. mountainous or hilly terrain),7.5,7,Natural flow (seasonal). Evapotranspiration,6,14.7,10,1,0.66,-73.1,-10.86,3.35,0.6,0.13,0.04,0.03,2346,0.999573743
SW_S19S.0068_U_2,Average,USA,Needleleaf evergreen tree. Broadleaf deciduous tree,Sunny,Multi-channel,Intermittent,Gravel/cobble (>2mm),Upstream,Yes,No,3,Relatively steep gradient (e.g. mountainous or hilly terrain),7.5,7,Natural flow (seasonal). Evapotranspiration,6,14.7,10,1,0.69,,,3.33,0.58,0.15,0.04,0.04,2539,0.999606144
SW_S19S.0068_U_3,Least,USA,Needleleaf evergreen tree. Broadleaf deciduous tree,Sunny,Multi-channel,Intermittent,Gravel/cobble (>2mm),Upstream,Yes,No,3,Relatively steep gradient (e.g. mountainous or hilly terrain),7.5,7,Natural flow (seasonal). Evapotranspiration,6,14.7,10,1,0.71,,,3.37,0.58,0.15,0.04,0.04,1012,0.999011858
SW_S19S.0069_U_1,Average,USA,Needleleaf evergreen tree. Broadleaf deciduous tree,Sunny,Single-channel straight,Perennial,Gravel/cobble (>2mm),Upstream,Yes,No,1,Relatively steep gradient (e.g. mountainous or hilly terrain),27,17.5,Natural flow (seasonal),6.5,15,15,3,0.59,-36.1,-5.86,15.02,10.24,0.12,0.04,0.09,1910,0.99947644
SW_S19S.0069_U_2,Average,USA,Needleleaf evergreen tree. Broadleaf deciduous tree,Sunny,Single-channel straight,Perennial,Gravel/cobble (>2mm),Upstream,Yes,No,1,Relatively steep gradient (e.g. mountainous or hilly terrain),27,17.5,Natural flow (seasonal),6.5,15,15,3,0.68,,,15.05,10.25,0.12,0.04,0.1,2533,0.999605211
SW_S19S.0069_U_3,Average,USA,Needleleaf evergreen tree. Broadleaf deciduous tree,Sunny,Single-channel straight,Perennial,Gravel/cobble (>2mm),Upstream,Yes,No,1,Relatively steep gradient (e.g. mountainous or hilly terrain),27,17.5,Natural flow (seasonal),6.5,15,15,3,0.69,,,14.93,10.15,0.12,0.04,0.1,2338,0.999572284
SW_S19S.0070_U_1,Average,USA,Needleleaf evergreen tree. Broadleaf evergreen tree,Sunny,Single-channel straight,Perennial,Gravel/cobble (>2mm),Upstream,Yes,No,1,Relatively steep gradient (e.g. mountainous or hilly terrain),25,29,Natural flow (seasonal),6.5,16,25,3,0.85,-38.1,-6.21,20.83,6.94,0.12,0.04,0.06,2683,0.999627283
SW_S19S.0070_U_2,Average,USA,Needleleaf evergreen tree. Broadleaf evergreen tree,Sunny,Single-channel straight,Perennial,Gravel/cobble (>2mm),Upstream,Yes,No,1,Relatively steep gradient (e.g. mountainous or hilly terrain),25,29,Natural flow (seasonal),6.5,16,25,3,1.48,,,20.76,7.19,0.12,0.04,0.07,2460,0.999593496
SW_S19S.0070_U_3,Average,USA,Needleleaf evergreen tree. Broadleaf evergreen tree,Sunny,Single-channel straight,Perennial,Gravel/cobble (>2mm),Upstream,Yes,No,1,Relatively steep gradient (e.g. mountainous or hilly terrain),25,29,Natural flow (seasonal),6.5,16,25,3,1.46,,,20.76,7.18,0.12,0.04,0.07,2415,0.999585921
SW_S19S.0071_U_1,Average,USA,Needleleaf deciduous tree. Grass,Sunny,Single-channel meandering,Intermittent,Gravel/cobble (>2mm),Upstream,Yes,No,1,Relatively steep gradient (e.g. mountainous or hilly terrain),11,6.83,Natural flow (seasonal). Evapotranspiration,7,11.5,10,1,2.46,,,0.46,3.7,0.12,0.04,0.09,2346,0.999573743
SW_S19S.0071_U_2,Average,USA,Needleleaf deciduous tree. Grass,Sunny,Single-channel meandering,Intermittent,Gravel/cobble (>2mm),Upstream,Yes,No,1,Relatively steep gradient (e.g. mountainous or hilly terrain),11,6.83,Natural flow (seasonal). Evapotranspiration,7,11.5,10,1,2.71,-121.4,-16.7,0.44,4.7,0.12,0.04,0.07,2055,0.999513382
SW_S19S.0071_U_3,Average,USA,Needleleaf deciduous tree. Grass,Sunny,Single-channel meandering,Intermittent,Gravel/cobble (>2mm),Upstream,Yes,No,1,Relatively steep gradient (e.g. mountainous or hilly terrain),11,6.83,Natural flow (seasonal). Evapotranspiration,7,11.5,10,1,2.6,,,0.48,3.65,0.12,0.04,0.08,2509,0.999601435
SW_S19S.0072_U_1,Most,USA,Needleleaf evergreen tree. Broadleaf deciduous tree,Sunny,Single-channel meandering,Perennial,Sand,Upstream,Yes,No,1,Relatively flat/gentle gradient (e.g. valleys),21.7,26.6,Natural flow (seasonal),6,18.5,2,2,2.56,-53.9,-8.33,261.01,16.66,3.5,0.04,0.02,2609,0.999616711
SW_S19S.0072_U_2,Most,USA,Needleleaf evergreen tree. Broadleaf deciduous tree,Sunny,Single-channel meandering,Perennial,Sand,Upstream,Yes,No,1,Relatively flat/gentle gradient (e.g. valleys),21.7,26.6,Natural flow (seasonal),6,18.5,2,2,3.58,,,295.29,19.04,3.31,0.04,0.07,2580,0.999612403
SW_S19S.0072_U_3,Most,USA,Needleleaf evergreen tree. Broadleaf deciduous tree,Sunny,Single-channel meandering,Perennial,Sand,Upstream,Yes,No,1,Relatively flat/gentle gradient (e.g. valleys),21.7,26.6,Natural flow (seasonal),6,18.5,2,2,3.86,,,282.66,17.35,3.44,0.04,0.02,2761,0.999637812
SW_S19S.0073_U_1,Most,USA,Broadleaf deciduous tree. Shrub,Partly cloudy,Single-channel meandering,Perennial,Silt/mud (<0.0625mm),Downstream,No,No,1,Relatively flat/gentle gradient (e.g. valleys),30.1,33.8,Natural flow (seasonal),6.5,16.9,2,4,6.36,-42.2,-6.18,95.35,2.95,0.55,0.04,0.03,2955,0.999661591
SW_S19S.0073_U_2,Most,USA,Broadleaf deciduous tree. Shrub,Partly cloudy,Single-channel meandering,Perennial,Silt/mud (<0.0625mm),Downstream,No,No,1,Relatively flat/gentle gradient (e.g. valleys),30.1,33.8,Natural flow (seasonal),6.5,16.9,2,4,6.6,,,94.1,2.71,0.53,0.04,0.04,3275,0.999694656
SW_S19S.0073_U_3,Most,USA,Broadleaf deciduous tree. Shrub,Partly cloudy,Single-channel meandering,Perennial,Silt/mud (<0.0625mm),Downstream,No,No,1,Relatively flat/gentle gradient (e.g. valleys),30.1,33.8,Natural flow (seasonal),6.5,16.9,2,4,7.06,,,94.22,32.57,0.51,0.04,0.04,3238,0.999691167
SW_S19S.0074_U_1,Most,USA,Shrub,Sunny,Single-channel straight,Perennial,Sand,Downstream,No,Yes one,8,Relatively flat/gentle gradient (e.g. valleys),10,10,Dam (hydropower or other),6.5,11,95,,1.18,-124.4,-16.04,1.27,10.12,0.43,0.04,0.09,2815,0.99964476
SW_S19S.0074_U_2,Most,USA,Shrub,Sunny,Single-channel straight,Perennial,Sand,Downstream,No,Yes one,8,Relatively flat/gentle gradient (e.g. valleys),10,10,Dam (hydropower or other),6.5,11,95,,1.45,,,1.21,9.82,0.39,0.04,0.08,2866,0.999651082
SW_S19S.0074_U_3,Most,USA,Shrub,Sunny,Single-channel straight,Perennial,Sand,Downstream,No,Yes one,8,Relatively flat/gentle gradient (e.g. valleys),10,10,Dam (hydropower or other),6.5,11,95,,1.48,,,1.25,9.86,0.39,0.04,0.08,2704,0.999630178
SW_S19S.0075_U_1,Most,USA,Shrub. Grass,Sunny,Single-channel straight,Perennial,Gravel/cobble (>2mm),Downstream,No,Yes one,8,Relatively flat/gentle gradient (e.g. valleys),10,10,Dam (hydropower or other),6.5,11,40,,0.74,-130.6,-17.32,1.06,9.54,0.18,0.04,0.08,2756,0.999637155
SW_S19S.0075_U_2,Most,USA,Shrub. Grass,Sunny,Single-channel straight,Perennial,Gravel/cobble (>2mm),Downstream,No,Yes one,8,Relatively flat/gentle gradient (e.g. valleys),10,10,Dam (hydropower or other),6.5,11,40,,1.44,,,1.04,9.49,0.19,0.04,0.08,3104,0.999677835
SW_S19S.0075_U_3,Average,USA,Shrub. Grass,Sunny,Single-channel straight,Perennial,Gravel/cobble (>2mm),Downstream,No,Yes one,8,Relatively flat/gentle gradient (e.g. valleys),10,10,Dam (hydropower or other),6.5,11,40,,2.05,,,1.08,9.12,0.18,0.04,0.07,1681,0.999405116
SW_S19S.0076_U_1,Most,USA,Grass,Sunny,Multi-channel,Intermittent,Silt/mud (<0.0625mm),Downstream,No,Yes one,8,Relatively flat/gentle gradient (e.g. valleys),10,10,Dam (hydropower or other),6.5,14,40,,1.49,-128.5,-16.96,1.45,9.87,0.12,0.04,0.09,3080,0.999675325
SW_S19S.0076_U_2,Most,USA,Grass,Sunny,Multi-channel,Intermittent,Silt/mud (<0.0625mm),Downstream,No,Yes one,8,Relatively flat/gentle gradient (e.g. valleys),10,10,Dam (hydropower or other),6.5,14,40,,1.26,,,1.36,9.77,0.12,0.04,0.09,2689,0.999628115
SW_S19S.0076_U_3,Most,USA,Grass,Sunny,Multi-channel,Intermittent,Silt/mud (<0.0625mm),Downstream,No,Yes one,8,Relatively flat/gentle gradient (e.g. valleys),10,10,Dam (hydropower or other),6.5,14,40,,1.67,,,1.31,9.85,0.15,0.04,0.08,3055,0.999672668
SW_S19S.0077_U_1,Most,USA,Shrub. Grass,Sunny,Single-channel straight,Perennial,Gravel/cobble (>2mm),,No,No,6,Relatively flat/gentle gradient (e.g. valleys),35,50,Natural flow (seasonal),6.5,18,20,,1.94,-122.2,-16.69,0.78,3.47,0.12,0.04,0.16,2690,0.999628253
SW_S19S.0077_U_2,Average,USA,Shrub. Grass,Sunny,Single-channel straight,Perennial,Gravel/cobble (>2mm),,No,No,6,Relatively flat/gentle gradient (e.g. valleys),35,50,Natural flow (seasonal),6.5,18,20,,2.64,,,0.62,2.52,0.12,0.04,0.16,1881,0.999468368
SW_S19S.0077_U_3,Average,USA,Shrub. Grass,Sunny,Single-channel straight,Perennial,Gravel/cobble (>2mm),,No,No,6,Relatively flat/gentle gradient (e.g. valleys),35,50,Natural flow (seasonal),6.5,18,20,,2.09,,,0.75,3.6,0.12,0.04,0.18,2418,0.999586435
SW_S19S.0078_U_1,Most,USA,Needleleaf evergreen tree. Broadleaf deciduous tree,Sunny,Single-channel straight,Perennial,Sand,Downstream,No,No,2,Relatively steep gradient (e.g. mountainous or hilly terrain),12,14,Natural flow (seasonal),7,19,0,,2.47,-57.6,-7.86,3.5,8.6,0.12,0.04,0.06,2787,0.999641191
SW_S19S.0078_U_2,Average,USA,Needleleaf evergreen tree. Broadleaf deciduous tree,Sunny,Single-channel straight,Perennial,Sand,Downstream,No,No,2,Relatively steep gradient (e.g. mountainous or hilly terrain),12,14,Natural flow (seasonal),7,19,0,,2.56,,,3.51,8.35,0.12,0.04,0.07,2570,0.999610895
SW_S19S.0078_U_3,Most,USA,Needleleaf evergreen tree. Broadleaf deciduous tree,Sunny,Single-channel straight,Perennial,Sand,Downstream,No,No,2,Relatively steep gradient (e.g. mountainous or hilly terrain),12,14,Natural flow (seasonal),7,19,0,,2.27,,,3.48,8.13,0.12,0.04,0.06,2832,0.999646893
SW_S19S.0079_U_1,Most,USA,Needleleaf evergreen tree. Broadleaf deciduous tree,Sunny,Multi-channel,Perennial,Sand,Downstream,No,No,6,Relatively flat/gentle gradient (e.g. valleys),14,15,Natural flow (seasonal),7.5-8,18-20,13230,,1.31,-87,-11.88,3.7,3.7,0.12,0.04,0.07,2592,0.999614198
SW_S19S.0079_U_2,Most,USA,Needleleaf evergreen tree. Broadleaf deciduous tree,Sunny,Multi-channel,Perennial,Sand,Downstream,No,No,6,Relatively flat/gentle gradient (e.g. valleys),14,15,Natural flow (seasonal),7.5-8,18-20,13230,,1.31,,,3.67,2.42,0.12,0.04,0.06,2706,0.999630451
SW_S19S.0079_U_3,Most,USA,Needleleaf evergreen tree. Broadleaf deciduous tree,Sunny,Multi-channel,Perennial,Sand,Downstream,No,No,6,Relatively flat/gentle gradient (e.g. valleys),14,15,Natural flow (seasonal),7.5-8,18-20,13230,,1.38,,,3.69,2,0.19,0.04,0.05,2668,0.999625187
SW_S19S.0080_U_1,Most,USA,Broadleaf deciduous tree. Shrub,,Multi-channel,,Silt/mud (<0.0625mm),,,,7,Relatively flat/gentle gradient (e.g. valleys),10,10,,8.11,22.7,,,2.71,-92.9,-12.64,13.76,27.3,1.54,0.04,0.27,2804,0.999643367
SW_S19S.0080_U_2,Most,USA,Broadleaf deciduous tree. Shrub,,Multi-channel,,Silt/mud (<0.0625mm),,,,7,Relatively flat/gentle gradient (e.g. valleys),10,10,,8.11,22.7,,,2.72,,,14.99,79.17,1.27,0.04,0.26,2991,0.999665664
SW_S19S.0081_U_1,Most,USA,Broadleaf deciduous tree,Sunny,Single-channel straight,Perennial,Gravel/cobble (>2mm),Upstream,Yes,,4,Relatively steep gradient (e.g. mountainous or hilly terrain),20,20,,6.5,27,50,2,2.86,-34.1,-5.6,92.26,11.64,2.95,0.04,0.09,2980,0.99966443
SW_S19S.0081_U_2,Most,USA,Broadleaf deciduous tree,Sunny,Single-channel straight,Perennial,Gravel/cobble (>2mm),Upstream,Yes,,4,Relatively steep gradient (e.g. mountainous or hilly terrain),20,20,,6.5,27,50,2,2.87,,,90.4,11.49,2.9,0.04,0.1,3280,0.999695122
SW_S19S.0081_U_3,Most,USA,Broadleaf deciduous tree,Sunny,Single-channel straight,Perennial,Gravel/cobble (>2mm),Upstream,Yes,,4,Relatively steep gradient (e.g. mountainous or hilly terrain),20,20,,6.5,27,50,2,2.32,,,92.06,11.52,2.74,0.04,0.1,2854,0.999649615
SW_S19S.0082_U_1,Most,USA,Grass,Overcast,Single-channel meandering,Perennial,Silt/mud (<0.0625mm),Downstream,Yes,,3,Relatively flat/gentle gradient (e.g. valleys),12,12,,7,31.4,10,1,5.51,-32.4,-4.9,3874.53,515.7,0.12,0.04,0.02,3238,0.999691167
SW_S19S.0082_U_2,Most,USA,Grass,Overcast,Single-channel meandering,Perennial,Silt/mud (<0.0625mm),Downstream,Yes,,3,Relatively flat/gentle gradient (e.g. valleys),12,12,,7,31.4,10,1,5.44,,,132,561.17,0.12,0.04,0.02,2462,0.999593826
SW_S19S.0082_U_3,Most,USA,Grass,Overcast,Single-channel meandering,Perennial,Silt/mud (<0.0625mm),Downstream,Yes,,3,Relatively flat/gentle gradient (e.g. valleys),12,12,,7,31.4,10,1,5.39,,,3964.3,535.06,0.12,0.04,0.02,2574,0.9996115
SW_S19S.0083_U_1,Most,USA,Broadleaf deciduous tree,Sunny,Single-channel meandering,Perennial,Sand,Downstream,Yes,No,5,Relatively flat/gentle gradient (e.g. valleys),10,10,Natural flow (seasonal). Evapotranspiration,7.5,25.4,20,2,3.75,,,48.18,78.7,0.61,0.04,0.22,3278,0.999694936
SW_S19S.0083_U_2,Most,USA,Broadleaf deciduous tree,Sunny,Single-channel meandering,Perennial,Sand,Downstream,Yes,No,5,Relatively flat/gentle gradient (e.g. valleys),10,10,Natural flow (seasonal). Evapotranspiration,7.5,25.4,20,2,2.49,,,47.57,77.28,0.6,0.04,0.23,2990,0.999665552
SW_S19S.0083_U_3,Most,USA,Broadleaf deciduous tree,Sunny,Single-channel meandering,Perennial,Sand,Downstream,Yes,No,5,Relatively flat/gentle gradient (e.g. valleys),10,10,Natural flow (seasonal). Evapotranspiration,7.5,25.4,20,2,2.9,,,23.94,40.33,0.56,0.04,0.19,3027,0.99966964
SW_S19S.0084_U_1,Average,USA,Broadleaf deciduous tree,Partly cloudy. On the fringe of a thunder storm with light rain for about 10 minutes,Single-channel straight,Perennial,Gravel/cobble (>2mm),Upstream,Yes,No,1,Relatively steep gradient (e.g. mountainous or hilly terrain),14,14,Natural flow (seasonal),6,17.2,15,0,1.77,-57.5,-9.24,0.4,2.66,0.12,0.04,0.04,2003,0.999500749
SW_S19S.0084_U_2,Average,USA,Broadleaf deciduous tree,Partly cloudy. On the fringe of a thunder storm with light rain for about 10 minutes,Single-channel straight,Perennial,Gravel/cobble (>2mm),Upstream,Yes,No,1,Relatively steep gradient (e.g. mountainous or hilly terrain),14,14,Natural flow (seasonal),6,17.2,15,0,2.15,,,0.37,2.88,0.12,0.04,0.04,2595,0.999614644
SW_S19S.0084_U_3,Average,USA,Broadleaf deciduous tree,Partly cloudy. On the fringe of a thunder storm with light rain for about 10 minutes,Single-channel straight,Perennial,Gravel/cobble (>2mm),Upstream,Yes,No,1,Relatively steep gradient (e.g. mountainous or hilly terrain),14,14,Natural flow (seasonal),6,17.2,15,0,1.36,,,0.37,2.85,0.12,0.04,0.04,2669,0.999625328
SW_S19S.0085_U_1,Least,USA,Broadleaf deciduous tree. Shrub,Sunny,Single-channel meandering,Perennial,Gravel/cobble (>2mm),Downstream,No,No,5,Relatively flat/gentle gradient (e.g. valleys),22.9,16,Natural flow (seasonal). Dam (hydropower or other). Irrigation pumping,7,,0,,1.29,-121.1,-15.83,2.68,4.04,0.12,0.04,0.38,1032,0.999031008
SW_S19S.0085_U_2,Most,USA,Broadleaf deciduous tree. Shrub,Sunny,Single-channel meandering,Perennial,Gravel/cobble (>2mm),Downstream,No,No,5,Relatively flat/gentle gradient (e.g. valleys),22.9,16,Natural flow (seasonal). Dam (hydropower or other). Irrigation pumping,7,,0,,1.57,,,2.66,4,0.12,0.04,0.37,2752,0.999636628
SW_S19S.0085_U_3,Average,USA,Broadleaf deciduous tree. Shrub,Sunny,Single-channel meandering,Perennial,Gravel/cobble (>2mm),Downstream,No,No,5,Relatively flat/gentle gradient (e.g. valleys),22.9,16,Natural flow (seasonal). Dam (hydropower or other). Irrigation pumping,7,,0,,0.87,,,2.66,4,0.12,0.04,0.37,2707,0.999630587
SW_S19S.0086_U_2,Least,USA,Broadleaf deciduous tree. Shrub,Sunny,Single-channel meandering,Perennial,Gravel/cobble (>2mm),Downstream,No,No,3,Relatively steep gradient (e.g. mountainous or hilly terrain),15,30,Natural flow (seasonal). Evapotranspiration,8,11.5,25,,0.74,,,10.8,80.07,0.12,0.04,0.12,1444,0.999307479
SW_S19S.0086_U_3,Average,USA,Broadleaf deciduous tree. Shrub,Sunny,Single-channel meandering,Perennial,Gravel/cobble (>2mm),Downstream,No,No,3,Relatively steep gradient (e.g. mountainous or hilly terrain),15,30,Natural flow (seasonal). Evapotranspiration,8,11.5,25,,0.77,,,10.95,81.36,0.12,0.04,0.13,2125,0.999529412
SW_S19S.0087_U_1,Most,USA,Broadleaf deciduous tree. Grass,Sunny,Single-channel meandering,Intermittent,Gravel/cobble (>2mm),Downstream,No,No,2,Relatively steep gradient (e.g. mountainous or hilly terrain),10,15,Natural flow (seasonal),7.25,17.1,5,10,2.16,-112.2,-14.54,1.1,1.74,0.21,0.04,0.14,3092,0.999676585
SW_S19S.0087_U_2,Most,USA,Broadleaf deciduous tree. Grass,Sunny,Single-channel meandering,Intermittent,Gravel/cobble (>2mm),Downstream,No,No,2,Relatively steep gradient (e.g. mountainous or hilly terrain),10,15,Natural flow (seasonal),7.25,17.1,5,10,1.45,,,0.99,1.7,0.27,0.04,0.11,2994,0.999665999
SW_S19S.0087_U_3,Most,USA,Broadleaf deciduous tree. Grass,Sunny,Single-channel meandering,Intermittent,Gravel/cobble (>2mm),Downstream,No,No,2,Relatively steep gradient (e.g. mountainous or hilly terrain),10,15,Natural flow (seasonal),7.25,17.1,5,10,1.46,,,1.01,1.69,0.24,0.04,0.1,2797,0.999642474
SW_S19S.0089_U_1,Most,USA,Shrub. Grass,Partly cloudy,Single-channel straight,Perennial,Gravel/cobble (>2mm),Downstream,Yes,Yes one,1,Relatively flat/gentle gradient (e.g. valleys),12,11,a few retention ponds upstream - it's a flashy urban system,7,20.8,3,2,1.59,-34.4,-5.38,36.8,22.55,2.83,0.04,0.16,3049,0.999672024
SW_S19S.0089_U_2,Most,USA,Shrub. Grass,Partly cloudy,Single-channel straight,Perennial,Gravel/cobble (>2mm),Downstream,Yes,Yes one,1,Relatively flat/gentle gradient (e.g. valleys),12,11,a few retention ponds upstream - it's a flashy urban system,7,20.8,3,2,2.37,,,36.66,22.77,2.66,0.04,0.19,3195,0.999687011
SW_S19S.0089_U_3,Most,USA,Shrub. Grass,Partly cloudy,Single-channel straight,Perennial,Gravel/cobble (>2mm),Downstream,Yes,Yes one,1,Relatively flat/gentle gradient (e.g. valleys),12,11,a few retention ponds upstream - it's a flashy urban system,7,20.8,3,2,1.16,,,36.96,22.15,2.84,0.04,0.19,2657,0.999623636
SW_S19S.0090_U_2,Most,USA,Broadleaf deciduous tree,,Single-channel straight,,Sand,,,,1,Relatively flat/gentle gradient (e.g. valleys),4,9.05,,6.5,22.9,,,2.08,,,20.52,36.86,22.87,0.04,0.02,3036,0.999670619
SW_S19S.0090_U_3,Most,USA,Broadleaf deciduous tree,,Single-channel straight,,Sand,,,,1,Relatively flat/gentle gradient (e.g. valleys),4,9.05,,6.5,22.9,,,1.54,,,20.33,36.47,21.93,0.04,0.03,3193,0.999686815
SW_S19S.0091_U_3,Least,USA,Broadleaf deciduous tree. Shrub,Overcast,Multi-channel,Perennial,Sand,Downstream,No,No,,Relatively flat/gentle gradient (e.g. valleys),50,75,Glacial melt,6.5,9.6,18100,,0.45,,,1.87,22.61,0.22,0.04,0.08,1508,0.99933687
SW_S19S.0092_U_1,Least,UK,Broadleaf deciduous tree. Shrub,Overcast,Single-channel straight,Perennial,Silt/mud (<0.0625mm),Downstream,No,No,,Relatively flat/gentle gradient (e.g. valleys),33,10,Flow variation primarily due to sewage treatment plant,7,17.3,0,,8.31,,,31.81,45.16,53.65,1.27,0.17,2271,0.999559665
SW_S19S.0092_U_2,Least,UK,Broadleaf deciduous tree. Shrub,Overcast,Single-channel straight,Perennial,Silt/mud (<0.0625mm),Downstream,No,No,,Relatively flat/gentle gradient (e.g. valleys),33,10,Flow variation primarily due to sewage treatment plant,7,17.3,0,,9.01,,,31.79,44.92,53.06,1.33,0.18,2202,0.999545867
SW_S19S.0092_U_3,Least,UK,Broadleaf deciduous tree. Shrub,Overcast,Single-channel straight,Perennial,Silt/mud (<0.0625mm),Downstream,No,No,,Relatively flat/gentle gradient (e.g. valleys),33,10,Flow variation primarily due to sewage treatment plant,7,17.3,0,,8.13,,,32.45,46.24,53.6,1.48,0.31,2231,0.999551771
SW_S19S.0093_U_1,Most,UK,Broadleaf deciduous tree,Partly cloudy,Single-channel straight,Perennial,Sand,Upstream,Yes,Yes one,,Relatively flat/gentle gradient (e.g. valleys),8.5,9,Natural flow (seasonal). There are a few small irrigation reservoirs in the catchment which occassional significantly change the natural flow,7.5,14.1,70,0,11.09,-44.5,-6.64,24.96,41.34,31.27,0.04,0.15,2893,0.999654338
SW_S19S.0093_U_2,Most,UK,Broadleaf deciduous tree,Partly cloudy,Single-channel straight,Perennial,Sand,Upstream,Yes,Yes one,,Relatively flat/gentle gradient (e.g. valleys),8.5,9,Natural flow (seasonal). There are a few small irrigation reservoirs in the catchment which occassional significantly change the natural flow,7.5,14.1,70,0,10.83,,,20.99,41.6,30.67,0.04,0.14,2952,0.999661247
SW_S19S.0093_U_3,Most,UK,Broadleaf deciduous tree,Partly cloudy,Single-channel straight,Perennial,Sand,Upstream,Yes,Yes one,,Relatively flat/gentle gradient (e.g. valleys),8.5,9,Natural flow (seasonal). There are a few small irrigation reservoirs in the catchment which occassional significantly change the natural flow,7.5,14.1,70,0,8.47,,,22.98,37.72,29.63,0.04,0.13,2526,0.999604117
SW_S19S.0094_U_1,Average,USA,Broadleaf evergreen tree,Overcast. Raining,Single-channel straight,Perennial,Sand,Upstream,Yes,No,,Relatively flat/gentle gradient (e.g. valleys),19,29.8,Evapotranspiration,6.5,21.2,4,0,1.24,-3.8,-2.14,6.21,1.31,0.5,0.04,0.02,3112,0.999678663
SW_S19S.0094_U_2,Average,USA,Broadleaf evergreen tree,Overcast. Raining,Single-channel straight,Perennial,Sand,Upstream,Yes,No,,Relatively flat/gentle gradient (e.g. valleys),19,29.8,Evapotranspiration,6.5,21.2,4,0,0.8,,,6.12,1.22,0.53,0.04,0.03,2457,0.999593
SW_S19S.0094_U_3,Average,USA,Broadleaf evergreen tree,Overcast. Raining,Single-channel straight,Perennial,Sand,Upstream,Yes,No,,Relatively flat/gentle gradient (e.g. valleys),19,29.8,Evapotranspiration,6.5,21.2,4,0,1.09,,,6.14,1.2,0.58,0.04,0.03,2460,0.999593496
SW_S19S.0096_U_1,Average,Italy,Broadleaf deciduous tree. Grass,Sunny. Partly cloudy,Single-channel meandering,Perennial,Gravel/cobble (>2mm),Upstream,Yes,No,,Relatively flat/gentle gradient (e.g. valleys),70,19.7,Natural flow (seasonal). Irrigation pumping,6.5,18.4,50,2,0.89,,,3.22,6.08,5.43,0.07,0.09,2143,0.999533364
SW_S19S.0096_U_2,Least,Italy,Broadleaf deciduous tree. Grass,Sunny. Partly cloudy,Single-channel meandering,Perennial,Gravel/cobble (>2mm),Upstream,Yes,No,,Relatively flat/gentle gradient (e.g. valleys),70,19.7,Natural flow (seasonal). Irrigation pumping,6.5,18.4,50,2,0.88,,,3.18,5.97,5.38,0.07,0.09,2009,0.99950224
SW_S19S.0097_U_1,Most,USA,Broadleaf deciduous tree. Shrub,Sunny,Single-channel straight,Perennial,Silt/mud (<0.0625mm),Downstream,No,Yes multiple,5,Relatively flat/gentle gradient (e.g. valleys),10,10,Natural flow (seasonal). Snow Melt,8.49,16.9,10,,0.58,,,12.6,14.24,1.06,0.04,0.1,3098,0.999677211
SW_S19S.0097_U_2,Most,USA,Broadleaf deciduous tree. Shrub,Sunny,Single-channel straight,Perennial,Silt/mud (<0.0625mm),Downstream,No,Yes multiple,5,Relatively flat/gentle gradient (e.g. valleys),10,10,Natural flow (seasonal). Snow Melt,8.49,16.9,10,,1.16,,,12.38,14.09,1.05,0.04,0.09,3010,0.999667774
SW_S19S.0097_U_3,Average,USA,Broadleaf deciduous tree. Shrub,Sunny,Single-channel straight,Perennial,Silt/mud (<0.0625mm),Downstream,No,Yes multiple,5,Relatively flat/gentle gradient (e.g. valleys),10,10,Natural flow (seasonal). Snow Melt,8.49,16.9,10,,0.98,,,12.68,14.21,1.01,0.04,0.09,2082,0.999519693
SW_S19S.0098_U_1,Average,USA,Needleleaf evergreen tree. Shrub,Sunny,Single-channel straight,Perennial,Gravel/cobble (>2mm),Upstream,No,No,3,Relatively steep gradient (e.g. mountainous or hilly terrain),29.8,47,Natural flow (seasonal). Snow Melt,8.31,10.34,10,,0.93,-124.5,-16.76,1.14,1.9,0.65,0.04,0.05,2453,0.999592336
SW_S19S.0098_U_2,Average,USA,Needleleaf evergreen tree. Shrub,Sunny,Single-channel straight,Perennial,Gravel/cobble (>2mm),Upstream,No,No,3,Relatively steep gradient (e.g. mountainous or hilly terrain),29.8,47,Natural flow (seasonal). Snow Melt,8.31,10.34,10,,0.73,,,1.14,2.02,0.66,0.04,0.05,2315,0.999568035
SW_S19S.0098_U_3,Least,USA,Needleleaf evergreen tree. Shrub,Sunny,Single-channel straight,Perennial,Gravel/cobble (>2mm),Upstream,No,No,3,Relatively steep gradient (e.g. mountainous or hilly terrain),29.8,47,Natural flow (seasonal). Snow Melt,8.31,10.34,10,,0.94,,,1.11,1.88,0.66,0.04,0.05,1862,0.999462943
SW_S19S.0099_U_1,Most,USA,Broadleaf deciduous tree. Grass,Sunny,Single-channel meandering,Intermittent,Gravel/cobble (>2mm),Upstream,No,No,7,Relatively flat/gentle gradient (e.g. valleys),18.29,18.29,Natural flow (seasonal). Evapotranspiration,7.5,27.3,3600,,2.3,-122.8,-16.08,70.55,47.79,4.43,0.04,0.33,2676,0.999626308
SW_S19S.0099_U_2,Most,USA,Broadleaf deciduous tree. Grass,Sunny,Single-channel meandering,Intermittent,Gravel/cobble (>2mm),Upstream,No,No,7,Relatively flat/gentle gradient (e.g. valleys),18.29,18.29,Natural flow (seasonal). Evapotranspiration,7.5,27.3,3600,,0.45,,,68.35,45.59,4.64,0.04,0.29,3217,0.999689151
SW_S19S.0099_U_3,Most,USA,Broadleaf deciduous tree. Grass,Sunny,Single-channel meandering,Intermittent,Gravel/cobble (>2mm),Upstream,No,No,7,Relatively flat/gentle gradient (e.g. valleys),18.29,18.29,Natural flow (seasonal). Evapotranspiration,7.5,27.3,3600,,1.62,,,66.16,44.37,4.75,0.04,0.3,2423,0.999587288
SW_S19S.0100_U_1,Least,USA,Shrub. Grass,Sunny,Single-channel meandering,Perennial,Gravel/cobble (>2mm),Downstream,Yes,No,2,Relatively flat/gentle gradient (e.g. valleys),100,73,Natural flow (seasonal),7.24,14.2,130,8,0.55,-43.3,-6.53,0.22,34.62,0.12,0.04,0.09,1289,0.999224205
SW_S19S.0100_U_3,Most,USA,Shrub. Grass,Sunny,Single-channel meandering,Perennial,Gravel/cobble (>2mm),Downstream,Yes,No,2,Relatively flat/gentle gradient (e.g. valleys),100,73,Natural flow (seasonal),7.24,14.2,130,8,0.67,,,0.2,34.8,0.12,0.04,0.06,2358,0.999575912